-0.054,287
-0.069,287
-0.076,287
-0.084,287
-0.094,287
-0.104,287
-0.117,287
-0.127,287
-0.134,287
-0.141,287
-0.148,287
-0.147,287
-0.151,287
-0.155,287
-0.151,287
-0.155,287
-0.154,287
-0.15,287
-0.145,287
0.113,287
0.254,287
0.407,287
0.547,287
0.58,287
0.499,287
0.371,287
0.246,287
0.127,287
-0.021,287
-0.041,287
-0.055,287
-0.067,287
-0.076,287
-0.083,287
-0.089,287
-0.094,287
-0.1,287
-0.105,287
-0.109,287
-0.111,287
-0.118,287
-0.124,287
-0.128,287
-0.129,287
0.006,287
0.129,287
0.246,287
0.326,287
0.3,288
0.209,288
0.117,288
-0.017,288
-0.048,288
-0.065,288
-0.074,288
-0.084,288
-0.091,288
-0.098,288
-0.104,288
-0.105,288
-0.11,288
-0.114,288
-0.117,288
-0.12,288
-0.124,288
-0.126,288
-0.133,288
-0.133,288
0.089,288
0.261,288
0.466,288
0.639,288
0.697,288
0.617,288
0.479,288
0.337,288
0.198,288
0.067,288
-0.041,288
-0.059,288
-0.069,288
-0.08,288
-0.088,288
-0.094,288
-0.095,288
-0.099,288
-0.101,288
-0.105,288
-0.107,288
-0.11,288
-0.112,288
-0.114,288
-0.113,288
0.059,288
0.225,288
0.403,288
0.553,289
0.588,289
0.514,289
0.398,289
0.27,289
0.145,289
-0.014,289
-0.025,289
-0.04,289
-0.045,289
-0.051,289
-0.055,289
-0.06,289
-0.062,289
-0.064,289
-0.065,289
-0.065,289
-0.068,289
-0.07,289
-0.077,289
-0.081,289
0.037,289
0.23,289
0.424,289
0.615,289
0.717,289
0.665,289
0.524,289
0.375,289
0.234,289
0.101,289
-0.004,289
-0.023,289
-0.035,289
-0.047,289
-0.052,289
-0.057,289
-0.065,289
-0.066,289
-0.071,289
-0.075,289
-0.078,289
-0.083,289
-0.084,289
-0.088,289
-0.09,289
0.031,289
0.239,289
0.456,290
0.665,290
0.765,290
0.719,290
0.586,290
0.443,290
0.3,290
0.163,290
-0.002,290
-0.015,290
-0.026,290
-0.035,290
-0.039,290
-0.045,290
-0.05,290
-0.055,290
-0.057,290
-0.062,290
-0.066,290
-0.07,290
-0.078,290
-0.083,290
-0.08,290
0.172,290
0.354,290
0.543,290
0.645,290
0.589,290
0.45,290
0.311,290
0.177,290
0.036,290
-0.033,290
-0.051,290
-0.061,290
-0.071,290
-0.072,290
-0.078,290
-0.084,290
-0.09,290
-0.095,290
-0.1,290
-0.105,290
-0.108,290
-0.113,290
-0.117,290
-0.123,290
0.022,290
0.245,291
0.503,291
0.75,291
0.881,291
0.844,291
0.697,291
0.537,291
0.384,291
0.237,291
0.106,291
-0.013,291
-0.035,291
-0.047,291
-0.051,291
-0.056,291
-0.058,291
-0.061,291
-0.062,291
-0.071,291
-0.074,291
-0.078,291
-0.084,291
-0.09,291
-0.083,291
0.149,291
0.317,291
0.49,291
0.601,291
0.555,291
0.416,291
0.276,291
0.145,291
-0.009,291
-0.039,291
-0.056,291
-0.062,291
-0.069,291
-0.075,291
-0.072,291
-0.077,291
-0.08,291
-0.086,291
-0.09,291
-0.092,291
-0.098,291
-0.103,291
-0.108,291
-0.111,291
-0.093,292
0.22,292
0.48,292
0.745,292
0.899,292
0.888,292
0.749,292
0.586,292
0.435,292
0.283,292
0.147,292
-0.015,292
-0.028,292
-0.039,292
-0.045,292
-0.049,292
-0.053,292
-0.055,292
-0.059,292
-0.061,292
-0.068,292
-0.074,292
-0.078,292
-0.085,292
-0.088,292
0.09,292
0.224,292
0.365,292
0.442,292
0.401,292
0.284,292
0.162,292
0.022,292
-0.034,292
-0.052,292
-0.059,292
-0.066,292
-0.071,292
-0.076,292
-0.078,292
-0.084,292
-0.087,292
-0.091,292
-0.097,292
-0.1,292
-0.105,292
-0.111,292
-0.117,292
-0.122,293
-0.116,293
0.18,293
0.415,293
0.664,293
0.814,293
0.809,293
0.68,293
0.531,293
0.387,293
0.247,293
0.114,293
-0.028,293
-0.044,293
-0.051,293
-0.056,293
-0.061,293
-0.065,293
-0.065,293
-0.073,293
-0.079,293
-0.089,293
-0.094,293
-0.102,293
-0.108,293
-0.113,293
0.032,293
0.151,293
0.255,293
0.32,293
0.275,293
0.169,293
0.048,293
-0.049,293
-0.067,293
-0.079,293
-0.087,293
-0.095,293
-0.098,293
-0.105,293
-0.107,293
-0.112,293
-0.117,293
-0.121,293
-0.123,293
-0.127,293
-0.133,293
-0.135,293
-0.14,294
-0.141,294
-0.14,294
0.109,294
0.296,294
0.513,294
0.681,294
0.709,294
0.609,294
0.467,294
0.329,294
0.192,294
0.066,294
-0.029,294
-0.047,294
-0.054,294
-0.059,294
-0.066,294
-0.068,294
-0.073,294
-0.079,294
-0.085,294
-0.09,294
-0.101,294
-0.109,294
-0.116,294
-0.121,294
-0.096,294
0.043,294
0.115,294
0.145,294
0.095,294
-0.037,294
-0.06,294
-0.072,294
-0.078,294
-0.088,294
-0.094,294
-0.099,294
-0.103,294
-0.105,294
-0.109,294
-0.111,294
-0.115,294
-0.121,294
-0.122,294
-0.129,294
-0.134,294
-0.138,295
-0.139,295
-0.143,295
-0.143,295
0.033,295
0.193,295
0.345,295
0.472,295
0.514,295
0.449,295
0.333,295
0.216,295
0.108,295
-0.021,295
-0.04,295
-0.048,295
-0.055,295
-0.062,295
-0.07,295
-0.074,295
-0.081,295
-0.085,295
-0.093,295
-0.101,295
-0.11,295
-0.122,295
-0.128,295
-0.136,295
-0.136,295
-0.103,295
-0.021,295
-0.047,295
-0.081,295
-0.105,295
-0.119,295
-0.131,295
-0.137,295
-0.145,295
-0.153,295
-0.158,295
-0.16,295
-0.162,295
-0.166,295
-0.168,295
-0.169,295
-0.172,295
-0.178,295
-0.182,295
-0.185,296
-0.188,296
-0.194,296
-0.197,296
-0.195,296
-0.182,296
0.06,296
0.178,296
0.286,296
0.339,296
0.276,296
0.185,296
0.093,296
-0.031,296
-0.058,296
-0.069,296
-0.075,296
-0.086,296
-0.092,296
-0.096,296
-0.099,296
-0.105,296
-0.111,296
-0.121,296
-0.132,296
-0.14,296
-0.151,296
-0.158,296
-0.161,296
-0.164,296
-0.166,296
-0.157,296
-0.155,296
-0.163,296
-0.171,296
-0.177,296
-0.18,296
-0.186,296
-0.189,296
-0.189,296
-0.191,296
-0.194,296
-0.195,296
-0.196,296
-0.198,296
-0.203,296
-0.206,296
-0.209,296
-0.211,297
-0.214,297
-0.217,297
-0.218,297
-0.221,297
-0.226,297
-0.223,297
-0.142,297
0.059,297
0.139,297
0.187,297
0.149,297
0.08,297
-0.018,297
-0.044,297
-0.062,297
-0.067,297
-0.071,297
-0.074,297
-0.08,297
-0.088,297
-0.096,297
-0.105,297
-0.114,297
-0.126,297
-0.138,297
-0.15,297
-0.156,297
-0.162,297
-0.165,297
-0.167,297
-0.165,297
-0.169,297
-0.171,297
-0.173,297
-0.173,297
-0.175,297
-0.177,297
-0.177,297
-0.178,297
-0.18,297
-0.182,297
-0.186,297
-0.185,297
-0.186,297
-0.188,297
-0.192,297
-0.194,297
-0.198,298
-0.204,298
-0.206,298
-0.208,298
-0.211,298
-0.214,298
-0.213,298
-0.213,298
-0.208,298
-0.192,298
-0.15,298
-0.109,298
-0.07,298
-0.078,298
-0.098,298
-0.111,298
-0.12,298
-0.126,298
-0.128,298
-0.132,298
-0.139,298
-0.145,298
-0.156,298
-0.167,298
-0.172,298
-0.184,298
-0.195,298
-0.206,298
-0.214,298
-0.218,298
-0.22,298
-0.223,298
-0.225,298
-0.227,298
-0.227,298
-0.229,298
-0.227,298
-0.227,298
-0.23,298
-0.232,298
-0.231,298
-0.231,298
-0.236,298
-0.235,298
-0.235,298
-0.237,298
-0.238,298
-0.242,298
-0.247,299
-0.248,299
-0.252,299
-0.25,299
-0.253,299
-0.256,299
-0.256,299
-0.256,299
-0.26,299
-0.259,299
-0.249,299
-0.241,299
-0.232,299
-0.221,299
-0.201,299
-0.189,299
-0.183,299
-0.183,299
-0.181,299
-0.183,299
-0.189,299
-0.196,299
-0.206,299
-0.212,299
-0.223,299
-0.236,299
-0.248,299
-0.26,299
-0.253,299
-0.267,299
-0.276,299
-0.274,299
-0.15,299
-0.17,299
-0.17,299
-0.174,299
-0.174,299
-0.176,299
-0.176,299
-0.176,299
-0.179,299
-0.18,299
-0.182,299
-0.184,299
-0.182,299
-0.187,299
-0.189,299
-0.192,299
-0.196,300
-0.201,300
-0.203,300
-0.208,300
-0.209,300
-0.215,300
-0.218,300
-0.216,300
-0.221,300
-0.223,300
-0.223,300
-0.223,300
-0.219,300
-0.214,300
-0.204,300
-0.191,300
-0.18,300
-0.153,300
-0.111,300
-0.103,300
-0.1,300
-0.102,300
-0.098,300
-0.112,300
-0.123,300
-0.14,300
-0.154,300
-0.168,300
-0.185,300
-0.197,300
-0.209,300
-0.22,300
-0.229,300
-0.235,300
-0.242,300
-0.248,300
-0.251,300
-0.249,300
-0.249,300
-0.251,300
-0.251,300
-0.251,300
-0.248,300
-0.245,300
-0.243,300
-0.243,300
-0.243,300
-0.242,300
-0.245,301
-0.249,301
-0.249,301
-0.253,301
-0.254,301
-0.254,301
-0.258,301
-0.259,301
-0.259,301
-0.258,301
-0.258,301
-0.257,301
-0.255,301
-0.253,301
-0.243,301
-0.234,301
-0.223,301
-0.206,301
-0.165,301
-0.036,301
0.129,301
0.121,301
0.037,301
0.01,301
-0.008,301
-0.03,301
-0.046,301
-0.064,301
-0.082,301
-0.093,301
-0.104,301
-0.118,301
-0.124,301
-0.13,301
-0.139,301
-0.143,301
-0.149,301
-0.157,301
-0.159,301
-0.163,301
-0.164,301
-0.164,301
-0.165,301
-0.163,301
-0.16,301
-0.155,301
-0.154,301
-0.155,301
-0.156,302
-0.16,302
-0.163,302
-0.166,302
-0.172,302
-0.181,302
-0.189,302
-0.194,302
-0.196,302
-0.201,302
-0.201,302
-0.206,302
-0.206,302
-0.207,302
-0.209,302
-0.209,302
-0.206,302
-0.198,302
-0.178,302
0.109,302
0.189,302
0.24,302
0.251,302
0.229,302
0.132,302
0.066,302
0.042,302
0.027,302
0.015,302
0.008,302
-0.002,302
-0.009,302
-0.016,302
-0.026,302
-0.035,302
-0.037,302
-0.041,302
-0.046,302
-0.052,302
-0.055,302
-0.057,302
-0.061,302
-0.062,302
-0.06,302
-0.052,302
0.104,302
0.157,302
0.166,302
0.086,303
0.056,303
0.037,303
0.028,303
0.017,303
0.008,303
-0.006,303
-0.016,303
-0.026,303
-0.033,303
-0.041,303
-0.048,303
-0.05,303
-0.055,303
-0.057,303
-0.059,303
-0.062,303
-0.06,303
-0.056,303
-0.04,303
0.19,303
0.29,303
0.372,303
0.407,303
0.364,303
0.283,303
0.174,303
0.078,303
0.059,303
0.045,303
0.038,303
0.031,303
0.022,303
0.016,303
0.011,303
0.004,303
-0.002,303
-0.006,303
-0.01,303
-0.013,303
-0.017,303
-0.018,303
-0.021,303
-0.021,303
-0.021,303
0.133,303
0.262,303
0.368,303
0.45,304
0.455,304
0.379,304
0.278,304
0.134,304
0.096,304
0.082,304
0.07,304
0.063,304
0.055,304
0.05,304
0.048,304
0.044,304
0.041,304
0.031,304
0.027,304
0.024,304
0.017,304
0.015,304
0.013,304
0.013,304
0.194,304
0.315,304
0.425,304
0.485,304
0.438,304
0.324,304
0.203,304
0.099,304
0.079,304
0.064,304
0.056,304
0.046,304
0.039,304
0.029,304
0.026,304
0.02,304
0.016,304
0.01,304
0.006,304
0.004,304
-0.001,304
-0.002,304
-0.005,304
-0.006,304
-0.002,304
0.237,304
0.387,304
0.544,305
0.647,305
0.639,305
0.534,305
0.407,305
0.286,305
0.13,305
0.103,305
0.085,305
0.078,305
0.071,305
0.065,305
0.06,305
0.055,305
0.053,305
0.048,305
0.045,305
0.04,305
0.033,305
0.028,305
0.022,305
0.023,305
0.226,305
0.353,305
0.471,305
0.535,305
0.475,305
0.358,305
0.24,305
0.098,305
0.08,305
0.065,305
0.055,305
0.048,305
0.041,305
0.035,305
0.029,305
0.023,305
0.016,305
0.01,305
0.006,305
0.003,305
-0.004,305
-0.011,305
-0.014,305
-0.018,305
-0.015,305
0.295,305
0.514,306
0.737,306
0.875,306
0.867,306
0.743,306
0.594,306
0.448,306
0.3,306
0.158,306
0.075,306
0.063,306
0.053,306
0.046,306
0.043,306
0.039,306
0.036,306
0.034,306
0.03,306
0.027,306
0.023,306
0.018,306
0.01,306
0.009,306
0.205,306
0.348,306
0.484,306
0.569,306
0.513,306
0.386,306
0.258,306
0.106,306
0.044,306
0.037,306
0.027,306
0.015,306
0.011,306
0.005,306
0.003,306
-0.002,306
-0.006,306
-0.007,306
-0.013,306
-0.024,306
-0.03,306
-0.032,306
-0.044,306
-0.041,306
-0.047,306
0.269,307
0.534,307
0.819,307
1.027,307
1.063,307
0.92,307
0.732,307
0.557,307
0.392,307
0.242,307
0.088,307
0.036,307
0.032,307
0.024,307
0.022,307
0.019,307
0.019,307
0.015,307
0.013,307
0.009,307
0.003,307
-0.004,307
-0.012,307
-0.013,307
0.182,307
0.324,307
0.477,307
0.567,307
0.524,307
0.388,307
0.247,307
0.106,307
0.017,307
0.012,307
-0.001,307
-0.007,307
-0.015,307
-0.019,307
-0.025,307
-0.029,307
-0.035,307
-0.04,307
-0.042,307
-0.044,307
-0.047,307
-0.053,307
-0.058,307
-0.063,307
-0.062,308
0.227,308
0.502,308
0.828,308
1.075,308
1.155,308
1.066,308
0.885,308
0.698,308
0.514,308
0.341,308
0.199,308
0.034,308
0.021,308
0.021,308
0.021,308
0.019,308
0.016,308
0.016,308
0.014,308
0.011,308
0.007,308
0,308
-0.001,308
-0.006,308
0.109,308
0.248,308
0.386,308
0.506,308
0.532,308
0.419,308
0.277,308
0.15,308
0.016,308
0.016,308
0.012,308
0.006,308
0.005,308
0.003,308
0.001,308
0,308
-0.004,308
-0.004,308
-0.004,308
-0.006,308
-0.007,308
-0.007,308
-0.007,308
-0.011,309
-0.01,309
0.115,309
0.361,309
0.65,309
0.943,309
1.112,309
1.098,309
0.946,309
0.766,309
0.592,309
0.43,309
0.285,309
0.138,309
0.088,309
0.09,309
0.089,309
0.086,309
0.081,309
0.081,309
0.079,309
0.074,309
0.068,309
0.061,309
0.056,309
0.05,309
0.05,309
0.14,309
0.265,309
0.36,309
0.397,309
0.323,309
0.208,309
0.099,309
0.089,309
0.086,309
0.079,309
0.073,309
0.068,309
0.068,309
0.068,309
0.066,309
0.065,309
0.062,309
0.06,309
0.053,309
0.053,309
0.049,309
0.045,310
0.041,310
0.037,310
0.037,310
0.217,310
0.426,310
0.684,310
0.916,310
1.014,310
0.945,310
0.78,310
0.61,310
0.454,310
0.316,310
0.166,310
0.128,310
0.123,310
0.118,310
0.113,310
0.11,310
0.105,310
0.098,310
0.091,310
0.085,310
0.076,310
0.067,310
0.057,310
0.051,310
0.048,310
0.084,310
0.193,310
0.208,310
0.188,310
0.108,310
0.092,310
0.084,310
0.075,310
0.069,310
0.065,310
0.061,310
0.053,310
0.05,310
0.046,310
0.041,310
0.035,310
0.03,310
0.027,310
0.019,310
0.013,311
0.01,311
0.01,311
0.005,311
0.002,311
0.001,311
0.211,311
0.39,311
0.6,311
0.774,311
0.825,311
0.735,311
0.603,311
0.47,311
0.346,311
0.218,311
0.12,311
0.121,311
0.114,311
0.105,311
0.1,311
0.097,311
0.088,311
0.08,311
0.069,311
0.06,311
0.048,311
0.04,311
0.031,311
0.025,311
0.024,311
0.027,311
0.03,311
0.037,311
0.03,311
0.026,311
0.023,311
0.018,311
0.015,311
0.012,311
0.008,311
0.005,311
0.002,311
-0.003,311
-0.004,311
-0.006,311
-0.009,311
-0.01,311
-0.015,312
-0.016,312
-0.019,312
-0.021,312
-0.025,312
-0.028,312
-0.029,312
-0.027,312
0.193,312
0.341,312
0.486,312
0.602,312
0.63,312
0.561,312
0.46,312
0.352,312
0.249,312
0.108,312
0.107,312
0.099,312
0.092,312
0.087,312
0.076,312
0.066,312
0.057,312
0.046,312
0.034,312
0.022,312
0.013,312
0.007,312
-0.004,312
-0.008,312
-0.016,312
-0.016,312
-0.016,312
-0.015,312
-0.015,312
-0.017,312
-0.021,312
-0.023,312
-0.027,312
-0.028,312
-0.028,312
-0.029,312
-0.034,312
-0.036,312
-0.035,312
-0.04,312
-0.041,313
-0.042,313
-0.044,313
-0.047,313
-0.049,313
-0.053,313
-0.056,313
-0.056,313
-0.059,313
-0.055,313
-0.035,313
0.218,313
0.327,313
0.422,313
0.488,313
0.476,313
0.401,313
0.304,313
0.183,313
0.117,313
0.105,313
0.094,313
0.081,313
0.073,313
0.061,313
0.05,313
0.039,313
0.03,313
0.021,313
0.012,313
0.005,313
-0.001,313
-0.007,313
-0.011,313
-0.017,313
-0.019,313
-0.019,313
-0.016,313
-0.015,313
-0.016,313
-0.015,313
-0.015,313
-0.016,313
-0.016,313
-0.018,313
-0.023,313
-0.028,313
-0.03,313
-0.036,314
-0.038,314
-0.041,314
-0.046,314
-0.051,314
-0.054,314
-0.058,314
-0.06,314
-0.061,314
-0.064,314
-0.064,314
-0.065,314
-0.061,314
-0.046,314
0.178,314
0.271,314
0.342,314
0.376,314
0.343,314
0.276,314
0.183,314
0.116,314
0.103,314
0.092,314
0.081,314
0.071,314
0.059,314
0.048,314
0.036,314
0.027,314
0.016,314
0.01,314
0.004,314
-0.003,314
-0.008,314
-0.013,314
-0.016,314
-0.016,314
-0.019,314
-0.02,314
-0.021,314
-0.021,314
-0.019,314
-0.016,314
-0.017,314
-0.02,314
-0.021,314
-0.027,314
-0.034,315
-0.039,315
-0.047,315
-0.05,315
-0.054,315
-0.059,315
-0.065,315
-0.07,315
-0.072,315
-0.077,315
-0.079,315
-0.08,315
-0.083,315
-0.083,315
-0.084,315
-0.08,315
-0.062,315
0.165,315
0.251,315
0.328,315
0.342,315
0.283,315
0.176,315
0.093,315
0.078,315
0.063,315
0.052,315
0.039,315
0.027,315
0.018,315
0.011,315
0.004,315
-0.003,315
-0.007,315
-0.014,315
-0.019,315
-0.023,315
-0.022,315
-0.024,315
-0.027,315
-0.031,315
-0.032,315
-0.034,315
-0.027,315
-0.001,315
0.102,315
0.082,315
0.031,315
0.015,316
0.002,316
-0.008,316
-0.016,316
-0.024,316
-0.031,316
-0.041,316
-0.046,316
-0.052,316
-0.054,316
-0.058,316
-0.059,316
-0.059,316
-0.06,316
-0.062,316
-0.065,316
-0.065,316
-0.06,316
-0.049,316
0.177,316
0.25,316
0.302,316
0.335,316
0.278,316
0.136,316
0.09,316
0.071,316
0.054,316
0.039,316
0.034,316
0.023,316
0.015,316
0.007,316
0.002,316
-0.005,316
-0.008,316
-0.012,316
-0.017,316
-0.02,316
-0.023,316
-0.026,316
-0.031,316
-0.032,316
-0.032,316
-0.015,316
0.201,316
0.287,316
0.33,316
0.294,317
0.204,317
0.094,317
0.072,317
0.064,317
0.055,317
0.047,317
0.036,317
0.03,317
0.022,317
0.019,317
0.011,317
0.004,317
0.001,317
-0.003,317
-0.006,317
-0.008,317
-0.009,317
-0.008,317
-0.009,317
0.013,317
0.221,317
0.314,317
0.36,317
0.321,317
0.23,317
0.072,317
0.056,317
0.042,317
0.031,317
0.023,317
0.014,317
0.005,317
0.003,317
0.001,317
-0.008,317
-0.013,317
-0.015,317
-0.019,317
-0.026,317
-0.031,317
-0.033,317
-0.038,317
-0.039,317
-0.039,317
-0.022,317
0.254,317
0.388,317
0.503,318
0.551,318
0.476,318
0.363,318
0.249,318
0.095,318
0.063,318
0.049,318
0.043,318
0.031,318
0.022,318
0.019,318
0.011,318
0.009,318
0.008,318
0.003,318
0.002,318
-0.001,318
-0.005,318
-0.009,318
-0.009,318
-0.005,318
0.18,318
0.259,318
0.307,318
0.284,318
0.188,318
0.059,318
0.045,318
0.031,318
0.015,318
0.008,318
0,318
-0.008,318
-0.017,318
-0.019,318
-0.028,318
-0.029,318
-0.036,318
-0.041,318
-0.048,318
-0.052,318
-0.055,318
-0.059,318
-0.062,318
-0.066,318
0.078,318
0.276,318
0.462,319
0.633,319
0.713,319
0.655,319
0.517,319
0.374,319
0.238,319
0.089,319
0.025,319
0.011,319
0.002,319
-0.003,319
-0.006,319
-0.009,319
-0.016,319
-0.026,319
-0.032,319
-0.032,319
-0.036,319
-0.041,319
-0.046,319
-0.054,319
-0.046,319
0.156,319
0.254,319
0.322,319
0.292,319
0.206,319
0.075,319
0.001,319
-0.013,319
-0.027,319
-0.037,319
-0.047,319
-0.055,319
-0.061,319
-0.066,319
-0.07,319
-0.075,319
-0.073,319
-0.081,319
-0.082,319
-0.092,319
-0.087,319
-0.089,319
-0.09,319
-0.092,319
0.095,319
0.289,320
0.514,320
0.718,320
0.795,320
0.722,320
0.583,320
0.449,320
0.309,320
0.183,320
0.032,320
0.019,320
0.005,320
-0.001,320
-0.004,320
-0.005,320
-0.004,320
-0.006,320
-0.01,320
-0.011,320
-0.015,320
-0.019,320
-0.026,320
-0.027,320
-0.027,320
0.105,320
0.201,320
0.254,320
0.229,320
0.127,320
0.03,320
0.017,320
0.006,320
-0.002,320
-0.008,320
-0.013,320
-0.019,320
-0.021,320
-0.023,320
-0.026,320
-0.028,320
-0.031,320
-0.033,320
-0.038,320
-0.04,320
-0.04,320
-0.043,320
-0.047,320
-0.048,320
0.083,321
0.3,321
0.509,321
0.713,321
0.817,321
0.771,321
0.638,321
0.491,321
0.352,321
0.226,321
0.07,321
0.066,321
0.059,321
0.054,321
0.049,321
0.048,321
0.044,321
0.043,321
0.038,321
0.038,321
0.036,321
0.03,321
0.026,321
0.019,321
0.014,321
0.041,321
0.171,321
0.198,321
0.117,321
0.076,321
0.061,321
0.051,321
0.043,321
0.034,321
0.027,321
0.02,321
0.013,321
0.009,321
0.004,321
0.002,321
-0.002,321
-0.003,321
-0.006,321
-0.005,321
-0.012,321
-0.017,321
-0.019,321
-0.023,321
-0.024,322
-0.019,322
0.281,322
0.467,322
0.659,322
0.782,322
0.759,322
0.624,322
0.484,322
0.348,322
0.224,322
0.114,322
0.097,322
0.089,322
0.083,322
0.08,322
0.073,322
0.069,322
0.068,322
0.066,322
0.059,322
-0.1205,322
-0.3,322
-0.309,322
-0.316,322
-0.324,322
-0.323,322
-0.301,322
-0.285,322
-0.307,322
-0.324,322
-0.336,322
-0.345,322
-0.352,322
-0.359,322
-0.367,322
-0.37,322
-0.372,322
-0.376,322
-0.378,322
-0.382,322
-0.383,322
-0.387,322
-0.39,322
-0.391,322
-0.396,322
-0.401,322
-0.405,322
-0.412,323
-0.412,323
-0.412,323
-0.109,323
0.056,323
0.232,323
0.344,323
0.355,323
0.236,323
0.098,323
-0.041,323
-0.169,323
-0.262,323
-0.28,323
-0.286,323
-0.292,323
-0.299,323
-0.305,323
-0.306,323
-0.311,323
-0.318,323
-0.327,323
-0.334,323
-0.342,323
-0.353,323
-0.363,323
-0.376,323
-0.373,323
-0.361,323
-0.362,323
-0.376,323
-0.386,323
-0.396,323
-0.4,323
-0.404,323
-0.412,323
-0.415,323
-0.419,323
-0.423,323
-0.424,323
-0.43,323
-0.43,323
-0.433,323
-0.436,323
-0.439,323
-0.444,323
-0.447,323
-0.451,323
-0.452,324
-0.455,324
-0.455,324
-0.452,324
-0.145,324
0.014,324
0.166,324
0.25,324
0.213,324
0.108,324
-0.003,324
-0.117,324
-0.262,324
-0.296,324
-0.308,324
-0.318,324
-0.321,324
-0.322,324
-0.325,324
-0.332,324
-0.338,324
-0.346,324
-0.352,324
-0.36,324
-0.371,324
-0.378,324
-0.39,324
-0.394,324
-0.395,324
-0.394,324
-0.395,324
-0.401,324
-0.406,324
-0.41,324
-0.41,324
-0.413,324
-0.42,324
-0.425,324
-0.429,324
-0.434,324
-0.441,324
-0.44,324
-0.442,324
-0.444,324
-0.445,324
-0.445,324
-0.45,324
-0.455,324
-0.46,325
-0.464,325
-0.466,325
-0.466,325
-0.465,325
-0.206,325
-0.081,325
0.04,325
0.124,325
0.112,325
0.01,325
-0.094,325
-0.202,325
-0.285,325
-0.301,325
-0.307,325
-0.313,325
-0.316,325
-0.323,325
-0.327,325
-0.33,325
-0.335,325
-0.345,325
-0.353,325
-0.362,325
-0.375,325
-0.389,325
-0.395,325
-0.398,325
-0.404,325
-0.407,325
-0.412,325
-0.412,325
-0.413,325
-0.416,325
-0.414,325
-0.419,325
-0.423,325
-0.427,325
-0.432,325
-0.435,325
-0.438,325
-0.444,325
-0.447,325
-0.451,325
-0.458,325
-0.462,325
-0.467,325
-0.472,326
-0.478,326
-0.484,326
-0.487,326
-0.493,326
-0.487,326
-0.257,326
-0.137,326
-0.028,326
0.023,326
-0.032,326
-0.112,326
-0.205,326
-0.29,326
-0.307,326
-0.316,326
-0.319,326
-0.323,326
-0.326,326
-0.333,326
-0.339,326
-0.342,326
-0.35,326
-0.359,326
-0.368,326
-0.377,326
-0.385,326
-0.389,326
-0.396,326
-0.398,326
-0.405,326
-0.406,326
-0.408,326
-0.411,326
-0.406,326
-0.389,326
-0.369,326
-0.363,326
-0.356,326
-0.353,326
-0.357,326
-0.363,326
-0.371,326
-0.372,326
-0.374,326
-0.378,326
-0.383,326
-0.382,326
-0.366,327
-0.362,327
-0.362,327
-0.365,327
-0.365,327
-0.362,327
-0.363,327
-0.366,327
-0.336,327
-0.2,327
-0.149,327
-0.171,327
-0.25,327
-0.257,327
-0.277,327
-0.284,327
-0.289,327
-0.295,327
-0.303,327
-0.308,327
-0.313,327
-0.319,327
-0.328,327
-0.336,327
-0.346,327
-0.354,327
-0.366,327
-0.373,327
-0.38,327
-0.386,327
-0.39,327
-0.393,327
-0.395,327
-0.398,327
-0.4,327
-0.403,327
-0.405,327
-0.405,327
-0.409,327
-0.412,327
-0.415,327
-0.416,327
-0.417,327
-0.42,327
-0.421,327
-0.425,327
-0.427,327
-0.429,327
-0.432,328
-0.434,328
-0.437,328
-0.439,328
-0.443,328
-0.445,328
-0.447,328
-0.444,328
-0.443,328
-0.439,328
-0.43,328
-0.409,328
-0.39,328
-0.381,328
-0.381,328
-0.382,328
-0.385,328
-0.389,328
-0.395,328
-0.404,328
-0.413,328
-0.419,328
-0.425,328
-0.432,328
-0.437,328
-0.444,328
-0.454,328
-0.459,328
-0.463,328
-0.467,328
-0.47,328
-0.474,328
-0.475,328
-0.478,328
-0.478,328
-0.481,328
-0.48,328
-0.48,328
-0.477,328
-0.482,328
-0.481,328
-0.478,328
-0.478,328
-0.48,328
-0.481,328
-0.486,328
-0.486,328
-0.49,328
-0.491,329
-0.492,329
-0.496,329
-0.497,329
-0.498,329
-0.498,329
-0.5,329
-0.5,329
-0.502,329
-0.502,329
-0.5,329
-0.493,329
-0.483,329
-0.475,329
-0.465,329
-0.458,329
-0.453,329
-0.45,329
-0.45,329
-0.453,329
-0.458,329
-0.463,329
-0.469,329
-0.479,329
-0.487,329
-0.493,329
-0.499,329
-0.504,329
-0.508,329
-0.512,329
-0.515,329
-0.517,329
-0.52,329
-0.522,329
-0.522,329
-0.524,329
-0.524,329
-0.521,329
-0.521,329
-0.518,329
-0.518,329
-0.516,329
-0.513,329
-0.51,329
-0.513,329
-0.514,329
-0.514,329
-0.516,329
-0.519,330
-0.518,330
-0.521,330
-0.519,330
-0.52,330
-0.524,330
-0.526,330
-0.527,330
-0.527,330
-0.529,330
-0.53,330
-0.53,330
-0.525,330
-0.524,330
-0.516,330
-0.507,330
-0.495,330
-0.486,330
-0.48,330
-0.477,330
-0.479,330
-0.486,330
-0.495,330
-0.505,330
-0.515,330
-0.529,330
-0.541,330
-0.549,330
-0.558,330
-0.56,330
-0.563,330
-0.564,330
-0.565,330
-0.568,330
-0.571,330
-0.574,330
-0.575,330
-0.575,330
-0.575,330
-0.57,330
-0.572,330
-0.572,330
-0.571,330
-0.569,330
-0.564,330
-0.564,330
-0.567,330
-0.567,330
-0.574,331
-0.576,331
-0.58,331
-0.586,331
-0.585,331
-0.585,331
-0.591,331
-0.594,331
-0.594,331
-0.594,331
-0.594,331
-0.596,331
-0.596,331
-0.599,331
-0.599,331
-0.59,331
-0.575,331
-0.563,331
-0.55,331
-0.54,331
-0.528,331
-0.526,331
-0.526,331
-0.532,331
-0.539,331
-0.552,331
-0.565,331
-0.578,331
-0.589,331
-0.597,331
-0.603,331
-0.612,331
-0.619,331
-0.621,331
-0.626,331
-0.625,331
-0.62,331
-0.618,331
-0.615,331
-0.615,331
-0.615,331
-0.611,331
-0.607,331
-0.599,331
-0.582,331
-0.542,331
-0.51,331
-0.501,331
-0.507,332
-0.513,332
-0.519,332
-0.529,332
-0.538,332
-0.546,332
-0.551,332
-0.559,332
-0.566,332
-0.572,332
-0.578,332
-0.584,332
-0.588,332
-0.588,332
-0.583,332
-0.582,332
-0.584,332
-0.581,332
-0.567,332
-0.538,332
-0.502,332
-0.473,332
-0.468,332
-0.472,332
-0.479,332
-0.499,332
-0.512,332
-0.525,332
-0.54,332
-0.553,332
-0.562,332
-0.572,332
-0.576,332
-0.579,332
-0.583,332
-0.587,332
-0.59,332
-0.59,332
-0.587,332
-0.59,332
-0.587,332
-0.586,332
-0.584,332
-0.579,332
-0.565,332
-0.351,332
-0.107,332
-0.052,332
-0.08,333
-0.171,333
-0.234,333
-0.25,333
-0.259,333
-0.267,333
-0.275,333
-0.281,333
-0.291,333
-0.297,333
-0.303,333
-0.309,333
-0.313,333
-0.319,333
-0.322,333
-0.322,333
-0.327,333
-0.329,333
-0.329,333
-0.327,333
-0.321,333
-0.295,333
-0.167,333
-0.194,333
-0.249,333
-0.275,333
-0.295,333
-0.311,333
-0.327,333
-0.341,333
-0.352,333
-0.364,333
-0.373,333
-0.377,333
-0.378,333
-0.383,333
-0.384,333
-0.389,333
-0.393,333
-0.396,333
-0.401,333
-0.402,333
-0.407,333
-0.408,333
-0.412,333
-0.398,333
-0.067,333
0.059,333
0.173,334
0.223,334
0.166,334
0.055,334
-0.055,334
-0.207,334
-0.225,334
-0.241,334
-0.25,334
-0.256,334
-0.267,334
-0.269,334
-0.273,334
-0.28,334
-0.29,334
-0.294,334
-0.297,334
-0.301,334
-0.303,334
-0.303,334
-0.309,334
-0.304,334
-0.172,334
-0.087,334
-0.085,334
-0.176,334
-0.24,334
-0.246,334
-0.262,334
-0.271,334
-0.284,334
-0.293,334
-0.298,334
-0.303,334
-0.312,334
-0.32,334
-0.328,334
-0.336,334
-0.34,334
-0.342,334
-0.349,334
-0.35,334
-0.35,334
-0.355,334
-0.357,334
-0.36,334
-0.358,334
-0.02,334
0.196,335
0.426,335
0.537,335
0.471,335
0.315,335
0.167,335
0.014,335
-0.113,335
-0.237,335
-0.239,335
-0.235,335
-0.241,335
-0.248,335
-0.248,335
-0.253,335
-0.256,335
-0.259,335
-0.265,335
-0.273,335
-0.275,335
-0.281,335
-0.286,335
-0.287,335
-0.177,335
-0.067,335
0.001,335
-0.048,335
-0.187,335
-0.233,335
-0.233,335
-0.244,335
-0.255,335
-0.261,335
-0.267,335
-0.276,335
-0.284,335
-0.289,335
-0.294,335
-0.299,335
-0.306,335
-0.311,335
-0.317,335
-0.324,335
-0.327,335
-0.333,335
-0.338,335
-0.34,335
-0.342,335
-0.005,336
0.253,336
0.515,336
0.676,336
0.681,336
0.538,336
0.362,336
0.186,336
0.02,336
-0.116,336
-0.255,336
-0.253,336
-0.257,336
-0.258,336
-0.263,336
-0.268,336
-0.266,336
-0.274,336
-0.277,336
-0.28,336
-0.283,336
-0.288,336
-0.295,336
-0.301,336
-0.184,336
-0.073,336
0.013,336
0.002,336
-0.097,336
-0.26,336
-0.277,336
-0.279,336
-0.285,336
-0.295,336
-0.301,336
-0.307,336
-0.316,336
-0.322,336
-0.325,336
-0.335,336
-0.34,336
-0.345,336
-0.35,336
-0.358,336
-0.363,336
-0.372,336
-0.375,336
-0.38,336
-0.384,337
-0.079,337
0.201,337
0.532,337
0.771,337
0.833,337
0.729,337
0.533,337
0.34,337
0.152,337
-0.02,337
-0.161,337
-0.318,337
-0.315,337
-0.311,337
-0.31,337
-0.306,337
-0.306,337
-0.305,337
-0.306,337
-0.309,337
-0.312,337
-0.317,337
-0.325,337
-0.332,337
-0.243,337
-0.124,337
-0.002,337
0.057,337
-0.005,337
-0.14,337
-0.299,337
-0.342,337
-0.344,337
-0.341,337
-0.347,337
-0.352,337
-0.355,337
-0.356,337
-0.358,337
-0.362,337
-0.364,337
-0.367,337
-0.368,337
-0.369,337
-0.369,337
-0.372,337
-0.377,337
-0.382,338
-0.385,338
-0.187,338
0.097,338
0.454,338
0.758,338
0.886,338
0.804,338
0.634,338
0.452,338
0.273,338
0.095,338
-0.066,338
-0.202,338
-0.315,338
-0.317,338
-0.31,338
-0.305,338
-0.297,338
-0.294,338
-0.293,338
-0.285,338
-0.284,338
-0.288,338
-0.296,338
-0.303,338
-0.3,338
-0.23,338
-0.118,338
-0.041,338
-0.028,338
-0.112,338
-0.259,338
-0.297,338
-0.292,338
-0.294,338
-0.296,338
-0.296,338
-0.294,338
-0.298,338
-0.299,338
-0.299,338
-0.302,338
-0.301,338
-0.306,338
-0.304,338
-0.304,338
-0.306,338
-0.315,339
-0.318,339
-0.318,339
-0.318,339
-0.073,339
0.196,339
0.513,339
0.754,339
0.797,339
0.678,339
0.507,339
0.337,339
0.169,339
0.018,339
-0.119,339
-0.263,339
-0.261,339
-0.26,339
-0.254,339
-0.25,339
-0.248,339
-0.248,339
-0.25,339
-0.256,339
-0.261,339
-0.268,339
-0.275,339
-0.279,339
-0.28,339
-0.267,339
-0.184,339
-0.152,339
-0.195,339
-0.257,339
-0.255,339
-0.254,339
-0.256,339
-0.261,339
-0.266,339
-0.268,339
-0.271,339
-0.272,339
-0.274,339
-0.277,339
-0.279,339
-0.282,339
-0.284,339
-0.284,339
-0.287,340
-0.288,340
-0.291,340
-0.296,340
-0.299,340
-0.296,340
-0.048,340
0.172,340
0.411,340
0.586,340
0.617,340
0.498,340
0.34,340
0.187,340
0.044,340
-0.087,340
-0.211,340
-0.209,340
-0.207,340
-0.207,340
-0.209,340
-0.218,340
-0.223,340
-0.229,340
-0.24,340
-0.248,340
-0.258,340
-0.269,340
-0.278,340
-0.282,340
-0.287,340
-0.286,340
-0.271,340
-0.256,340
-0.262,340
-0.271,340
-0.278,340
-0.283,340
-0.289,340
-0.293,340
-0.299,340
-0.299,340
-0.304,340
-0.308,340
-0.31,340
-0.315,340
-0.317,340
-0.321,340
-0.326,341
-0.329,341
-0.333,341
-0.336,341
-0.337,341
-0.34,341
-0.341,341
-0.334,341
-0.06,341
0.096,341
0.263,341
0.383,341
0.383,341
0.269,341
0.13,341
0.007,341
-0.12,341
-0.221,341
-0.225,341
-0.229,341
-0.228,341
-0.229,341
-0.235,341
-0.239,341
-0.246,341
-0.262,341
-0.272,341
-0.285,341
-0.29,341
-0.292,341
-0.297,341
-0.303,341
-0.304,341
-0.305,341
-0.303,341
-0.3,341
-0.3,341
-0.303,341
-0.303,341
-0.305,341
-0.307,341
-0.313,341
-0.314,341
-0.316,341
-0.32,341
-0.321,341
-0.323,341
-0.328,341
-0.334,342
-0.336,342
-0.342,342
-0.345,342
-0.349,342
-0.354,342
-0.362,342
-0.371,342
-0.369,342
-0.361,342
-0.125,342
0.009,342
0.116,342
0.169,342
0.144,342
0.062,342
-0.033,342
-0.156,342
-0.215,342
-0.213,342
-0.215,342
-0.223,342
-0.23,342
-0.239,342
-0.25,342
-0.257,342
-0.274,342
-0.286,342
-0.291,342
-0.299,342
-0.306,342
-0.314,342
-0.316,342
-0.322,342
-0.328,342
-0.328,342
-0.33,342
-0.329,342
-0.327,342
-0.322,342
-0.323,342
-0.324,342
-0.325,342
-0.332,342
-0.333,342
-0.34,342
-0.342,342
-0.346,342
-0.349,343
-0.352,343
-0.355,343
-0.358,343
-0.361,343
-0.366,343
-0.364,343
-0.365,343
-0.366,343
-0.366,343
-0.367,343
-0.366,343
-0.357,343
-0.198,343
-0.124,343
-0.085,343
-0.145,343
-0.191,343
-0.192,343
-0.199,343
-0.206,343
-0.214,343
-0.224,343
-0.234,343
-0.248,343
-0.259,343
-0.269,343
-0.281,343
-0.289,343
-0.298,343
-0.307,343
-0.315,343
-0.319,343
-0.324,343
-0.326,343
-0.33,343
-0.334,343
-0.338,343
-0.338,343
-0.339,343
-0.339,343
-0.339,343
-0.338,343
-0.338,343
-0.339,343
-0.342,343
-0.345,343
-0.35,343
-0.356,344
-0.361,344
-0.366,344
-0.371,344
-0.377,344
-0.384,344
-0.386,344
-0.388,344
-0.391,344
-0.396,344
-0.401,344
-0.404,344
-0.403,344
-0.402,344
-0.398,344
-0.394,344
-0.384,344
-0.378,344
-0.369,344
-0.365,344
-0.362,344
-0.368,344
-0.378,344
-0.391,344
-0.4,344
-0.41,344
-0.419,344
-0.426,344
-0.434,344
-0.442,344
-0.446,344
-0.451,344
-0.454,344
-0.46,344
-0.459,344
-0.459,344
-0.46,344
-0.463,344
-0.46,344
-0.462,344
-0.463,344
-0.462,344
-0.459,344
-0.452,344
-0.44,344
-0.433,344
-0.428,344
-0.427,344
-0.432,345
-0.438,345
-0.444,345
-0.45,345
-0.456,345
-0.461,345
-0.465,345
-0.469,345
-0.468,345
-0.472,345
-0.474,345
-0.47,345
-0.469,345
-0.467,345
-0.465,345
-0.462,345
-0.459,345
-0.452,345
-0.44,345
-0.427,345
-0.421,345
-0.416,345
-0.416,345
-0.417,345
-0.427,345
-0.434,345
-0.445,345
-0.456,345
-0.464,345
-0.468,345
-0.475,345
-0.475,345
-0.476,345
-0.48,345
-0.48,345
-0.479,345
-0.478,345
-0.479,345
-0.476,345
-0.476,345
-0.475,345
-0.478,345
-0.476,345
-0.473,345
-0.466,345
-0.417,345
-0.12,345
-0.102,345
-0.154,346
-0.202,346
-0.229,346
-0.252,346
-0.262,346
-0.281,346
-0.293,346
-0.304,346
-0.314,346
-0.324,346
-0.334,346
-0.342,346
-0.347,346
-0.351,346
-0.357,346
-0.363,346
-0.365,346
-0.366,346
-0.366,346
-0.367,346
-0.367,346
-0.361,346
-0.36,346
-0.364,346
-0.367,346
-0.378,346
-0.39,346
-0.401,346
-0.409,346
-0.417,346
-0.424,346
-0.434,346
-0.436,346
-0.441,346
-0.444,346
-0.446,346
-0.451,346
-0.452,346
-0.454,346
-0.458,346
-0.459,346
-0.462,346
-0.46,346
-0.463,346
-0.46,346
-0.454,346
-0.125,346
-0.029,346
0.046,347
0.069,347
0.004,347
-0.084,347
-0.214,347
-0.217,347
-0.219,347
-0.232,347
-0.243,347
-0.25,347
-0.261,347
-0.27,347
-0.274,347
-0.277,347
-0.28,347
-0.283,347
-0.284,347
-0.289,347
-0.294,347
-0.295,347
-0.298,347
-0.301,347
-0.301,347
-0.3,347
-0.305,347
-0.311,347
-0.325,347
-0.333,347
-0.342,347
-0.354,347
-0.362,347
-0.369,347
-0.376,347
-0.382,347
-0.386,347
-0.388,347
-0.394,347
-0.396,347
-0.399,347
-0.402,347
-0.403,347
-0.407,347
-0.407,347
-0.41,347
-0.409,347
-0.409,347
-0.403,347
-0.091,347
0.035,348
0.144,348
0.191,348
0.136,348
0.037,348
-0.063,348
-0.21,348
-0.214,348
-0.217,348
-0.227,348
-0.241,348
-0.249,348
-0.253,348
-0.254,348
-0.256,348
-0.257,348
-0.26,348
-0.264,348
-0.267,348
-0.271,348
-0.275,348
-0.282,348
-0.288,348
-0.292,348
-0.294,348
-0.3,348
-0.306,348
-0.319,348
-0.329,348
-0.341,348
-0.35,348
-0.358,348
-0.364,348
-0.369,348
-0.374,348
-0.378,348
-0.382,348
-0.382,348
-0.385,348
-0.389,348
-0.394,348
-0.394,348
-0.396,348
-0.402,348
-0.405,348
-0.405,348
-0.408,348
-0.41,348
-0.087,349
0.051,349
0.187,349
0.268,349
0.225,349
0.108,349
-0.007,349
-0.139,349
-0.234,349
-0.23,349
-0.237,349
-0.245,349
-0.253,349
-0.258,349
-0.262,349
-0.267,349
-0.269,349
-0.271,349
-0.275,349
-0.276,349
-0.281,349
-0.288,349
-0.294,349
-0.3,349
-0.3,349
-0.298,349
-0.296,349
-0.305,349
-0.316,349
-0.325,349
-0.333,349
-0.342,349
-0.349,349
-0.357,349
-0.361,349
-0.367,349
-0.37,349
-0.373,349
-0.374,349
-0.378,349
-0.378,349
-0.38,349
-0.383,349
-0.386,349
-0.391,349
-0.395,349
-0.398,349
-0.401,349
-0.397,350
-0.069,350
0.083,350
0.235,350
0.337,350
0.314,350
0.193,350
0.065,350
-0.054,350
-0.217,350
-0.22,350
-0.228,350
-0.235,350
-0.24,350
-0.247,350
-0.248,350
-0.252,350
-0.254,350
-0.253,350
-0.258,350
-0.261,350
-0.267,350
-0.273,350
-0.281,350
-0.286,350
-0.291,350
-0.292,350
-0.292,350
-0.301,350
-0.308,350
-0.315,350
-0.321,350
-0.325,350
-0.333,350
-0.337,350
-0.343,350
-0.344,350
-0.348,350
-0.351,350
-0.354,350
-0.356,350
-0.358,350
-0.363,350
-0.366,350
-0.365,350
-0.368,350
-0.374,350
-0.376,350
-0.382,351
-0.38,351
-0.033,351
0.127,351
0.285,351
0.376,351
0.33,351
0.213,351
0.085,351
-0.036,351
-0.195,351
-0.211,351
-0.216,351
-0.225,351
-0.231,351
-0.236,351
-0.238,351
-0.243,351
-0.247,351
-0.25,351
-0.253,351
-0.262,351
-0.273,351
-0.281,351
-0.291,351
-0.299,351
-0.303,351
-0.305,351
-0.307,351
-0.313,351
-0.32,351
-0.329,351
-0.337,351
-0.343,351
-0.345,351
-0.354,351
-0.355,351
-0.359,351
-0.362,351
-0.367,351
-0.372,351
-0.374,351
-0.378,351
-0.384,351
-0.386,351
-0.392,351
-0.398,351
-0.404,351
-0.409,352
-0.414,352
-0.331,352
-0.025,352
0.152,352
0.312,352
0.375,352
0.308,352
0.176,352
0.043,352
-0.078,352
-0.24,352
-0.255,352
-0.258,352
-0.265,352
-0.273,352
-0.277,352
-0.28,352
-0.282,352
-0.284,352
-0.286,352
-0.292,352
-0.302,352
-0.313,352
-0.323,352
-0.332,352
-0.342,352
-0.347,352
-0.344,352
-0.339,352
-0.354,352
-0.354,352
-0.365,352
-0.371,352
-0.379,352
-0.383,352
-0.389,352
-0.397,352
-0.402,352
-0.403,352
-0.409,352
-0.418,352
-0.424,352
-0.429,352
-0.43,352
-0.432,352
-0.437,352
-0.438,352
-0.445,353
-0.453,353
-0.45,353
-0.204,353
-0.035,353
0.134,353
0.274,353
0.319,353
0.243,353
0.126,353
0.009,353
-0.105,353
-0.255,353
-0.288,353
-0.293,353
-0.298,353
-0.304,353
-0.313,353
-0.313,353
-0.318,353
-0.321,353
-0.327,353
-0.336,353
-0.346,353
-0.355,353
-0.367,353
-0.378,353
-0.383,353
-0.383,353
-0.376,353
-0.383,353
-0.393,353
-0.397,353
-0.405,353
-0.411,353
-0.419,353
-0.425,353
-0.428,353
-0.434,353
-0.438,353
-0.442,353
-0.45,353
-0.456,353
-0.461,353
-0.467,353
-0.468,353
-0.472,353
-0.478,353
-0.484,354
-0.493,354
-0.496,354
-0.497,354
-0.215,354
-0.055,354
0.121,354
0.27,354
0.311,354
0.229,354
0.109,354
-0.024,354
-0.128,354
-0.272,354
-0.31,354
-0.318,354
-0.327,354
-0.332,354
-0.334,354
-0.339,354
-0.332,354
-0.344,354
-0.349,354
-0.356,354
-0.362,354
-0.373,354
-0.382,354
-0.39,354
-0.393,354
-0.394,354
-0.393,354
-0.388,354
-0.389,354
-0.391,354
-0.392,354
-0.395,354
-0.394,354
-0.396,354
-0.401,354
-0.401,354
-0.406,354
-0.408,354
-0.408,354
-0.409,354
-0.409,354
-0.414,354
-0.414,354
-0.418,354
-0.424,355
-0.425,355
-0.432,355
-0.432,355
-0.433,355
-0.408,355
-0.102,355
0.012,355
0.116,355
0.172,355
0.108,355
-0.01,355
-0.124,355
-0.248,355
-0.255,355
-0.267,355
-0.276,355
-0.278,355
-0.281,355
-0.284,355
-0.287,355
-0.289,355
-0.295,355
-0.303,355
-0.314,355
-0.325,355
-0.338,355
-0.344,355
-0.352,355
-0.354,355
-0.357,355
-0.359,355
-0.36,355
-0.36,355
-0.364,355
-0.371,355
-0.372,355
-0.37,355
-0.37,355
-0.373,355
-0.374,355
-0.38,355
-0.38,355
-0.381,355
-0.386,355
-0.387,355
-0.39,355
-0.392,355
-0.393,356
-0.398,356
-0.403,356
-0.403,356
-0.406,356
-0.403,356
-0.375,356
-0.091,356
-0.012,356
0.057,356
0.071,356
0.023,356
-0.073,356
-0.187,356
-0.197,356
-0.208,356
-0.212,356
-0.215,356
-0.221,356
-0.224,356
-0.228,356
-0.234,356
-0.237,356
-0.248,356
-0.257,356
-0.267,356
-0.28,356
-0.287,356
-0.296,356
-0.303,356
-0.306,356
-0.307,356
-0.31,356
-0.311,356
-0.312,356
-0.316,356
-0.321,356
-0.324,356
-0.328,356
-0.332,356
-0.333,356
-0.334,356
-0.336,356
-0.341,356
-0.346,356
-0.351,356
-0.354,356
-0.358,356
-0.364,357
-0.368,357
-0.374,357
-0.376,357
-0.381,357
-0.385,357
-0.386,357
-0.382,357
-0.358,357
-0.114,357
-0.058,357
-0.061,357
-0.135,357
-0.172,357
-0.191,357
-0.202,357
-0.206,357
-0.212,357
-0.218,357
-0.223,357
-0.23,357
-0.238,357
-0.249,357
-0.259,357
-0.27,357
-0.282,357
-0.295,357
-0.306,357
-0.316,357
-0.327,357
-0.333,357
-0.34,357
-0.345,357
-0.354,357
-0.357,357
-0.36,357
-0.363,357
-0.364,357
-0.368,357
-0.368,357
-0.37,357
-0.375,357
-0.379,357
-0.384,357
-0.386,357
-0.389,357
-0.393,357
-0.396,357
-0.399,358
-0.404,358
-0.408,358
-0.413,358
-0.413,358
-0.416,358
-0.418,358
-0.418,358
-0.415,358
-0.413,358
-0.391,358
-0.356,358
-0.315,358
-0.309,358
-0.317,358
-0.326,358
-0.333,358
-0.341,358
-0.348,358
-0.356,358
-0.362,358
-0.37,358
-0.381,358
-0.391,358
-0.403,358
-0.414,358
-0.424,358
-0.432,358
-0.441,358
-0.446,358
-0.451,358
-0.458,358
-0.456,358
-0.461,358
-0.464,358
-0.465,358
-0.467,358
-0.466,358
-0.469,358
-0.47,358
-0.47,358
-0.471,358
-0.474,358
-0.478,358
-0.477,358
-0.483,358
-0.482,358
-0.486,358
-0.488,359
-0.493,359
-0.492,359
-0.494,359
-0.494,359
-0.495,359
-0.499,359
-0.499,359
-0.499,359
-0.499,359
-0.496,359
-0.488,359
-0.469,359
-0.447,359
-0.437,359
-0.435,359
-0.434,359
-0.437,359
-0.44,359
-0.44,359
-0.446,359
-0.453,359
-0.463,359
-0.475,359
-0.483,359
-0.493,359
-0.501,359
-0.511,359
-0.517,359
-0.521,359
-0.522,359
-0.526,359
-0.527,359
-0.528,359
-0.529,359
-0.529,359
-0.529,359
-0.532,359
-0.528,359
-0.527,359
-0.522,359
-0.518,359
-0.523,359
-0.522,359
-0.522,359
-0.523,359
-0.521,359
-0.524,359
-0.527,360
-0.531,360
-0.532,360
-0.535,360
-0.537,360
-0.535,360
-0.539,360
-0.54,360
-0.543,360
-0.544,360
-0.545,360
-0.543,360
-0.538,360
-0.533,360
-0.522,360
-0.514,360
-0.505,360
-0.499,360
-0.494,360
-0.492,360
-0.492,360
-0.494,360
-0.503,360
-0.512,360
-0.523,360
-0.533,360
-0.545,360
-0.552,360
-0.556,360
-0.558,360
-0.562,360
-0.562,360
-0.561,360
-0.562,360
-0.562,360
-0.562,360
-0.563,360
-0.562,360
-0.565,360
-0.558,360
-0.56,360
-0.555,360
-0.549,360
-0.539,360
-0.531,360
-0.521,360
-0.517,360
-0.516,360
-0.515,361
-0.519,361
-0.523,361
-0.528,361
-0.532,361
-0.537,361
-0.543,361
-0.548,361
-0.552,361
-0.556,361
-0.558,361
-0.56,361
-0.558,361
-0.555,361
-0.554,361
-0.552,361
-0.546,361
-0.534,361
-0.528,361
-0.52,361
-0.515,361
-0.515,361
-0.519,361
-0.522,361
-0.533,361
-0.543,361
-0.549,361
-0.4,361
-0.42,361
-0.428,361
-0.435,361
-0.437,361
-0.441,361
-0.443,361
-0.447,361
-0.446,361
-0.445,361
-0.443,361
-0.443,361
-0.443,361
-0.44,361
-0.44,361
-0.435,361
-0.425,361
-0.401,361
-0.046,361
0.01,361
-0.001,361
-0.079,362
-0.133,362
-0.147,362
-0.167,362
-0.182,362
-0.197,362
-0.21,362
-0.218,362
-0.227,362
-0.241,362
-0.253,362
-0.261,362
-0.276,362
-0.282,362
-0.283,362
-0.289,362
-0.294,362
-0.293,362
-0.291,362
-0.288,362
-0.277,362
-0.271,362
-0.276,362
-0.282,362
-0.293,362
-0.304,362
-0.32,362
-0.331,362
-0.342,362
-0.351,362
-0.359,362
-0.365,362
-0.376,362
-0.383,362
-0.388,362
-0.387,362
-0.398,362
-0.4,362
-0.403,362
-0.405,362
-0.409,362
-0.413,362
-0.416,362
-0.413,362
-0.41,362
-0.001,362
0.142,362
0.289,362
0.392,363
0.376,363
0.273,363
0.157,363
0.045,363
-0.108,363
-0.13,363
-0.143,363
-0.155,363
-0.165,363
-0.172,363
-0.174,363
-0.178,363
-0.182,363
-0.182,363
-0.186,363
-0.19,363
-0.191,363
-0.193,363
-0.19,363
-0.189,363
-0.182,363
-0.166,363
-0.151,363
-0.158,363
-0.176,363
-0.193,363
-0.206,363
-0.217,363
-0.228,363
-0.234,363
-0.242,363
-0.246,363
-0.248,363
-0.254,363
-0.259,363
-0.264,363
-0.264,363
-0.266,363
-0.268,363
-0.27,363
-0.27,363
-0.272,363
-0.274,363
-0.279,363
-0.276,363
0.044,363
0.229,363
0.434,364
0.604,364
0.636,364
0.541,364
0.395,364
0.251,364
0.118,364
-0.038,364
-0.071,364
-0.084,364
-0.093,364
-0.102,364
-0.104,364
-0.103,364
-0.107,364
-0.106,364
-0.106,364
-0.109,364
-0.115,364
-0.121,364
-0.124,364
-0.126,364
-0.121,364
0.01,364
0.067,364
0.034,364
-0.045,364
-0.07,364
-0.086,364
-0.097,364
-0.109,364
-0.118,364
-0.124,364
-0.132,364
-0.14,364
-0.149,364
-0.158,364
-0.162,364
-0.163,364
-0.168,364
-0.173,364
-0.174,364
-0.18,364
-0.186,364
-0.19,364
-0.192,364
-0.195,364
-0.01,364
0.251,365
0.528,365
0.782,365
0.909,365
0.859,365
0.681,365
0.497,365
0.325,365
0.169,365
0.014,365
-0.047,365
-0.062,365
-0.069,365
-0.075,365
-0.081,365
-0.085,365
-0.086,365
-0.088,365
-0.092,365
-0.094,365
-0.097,365
-0.102,365
-0.105,365
-0.108,365
0.013,365
0.119,365
0.179,365
0.16,365
0.047,365
-0.061,365
-0.073,365
-0.085,365
-0.095,365
-0.102,365
-0.108,365
-0.116,365
-0.125,365
-0.13,365
-0.136,365
-0.14,365
-0.145,365
-0.151,365
-0.154,365
-0.158,365
-0.162,365
-0.168,365
-0.173,365
-0.177,365
-0.182,1
0.168,1
0.477,1
0.815,1
1.031,1
1.043,1
0.881,1
0.688,1
0.5,1
0.319,1
0.157,1
0.012,1
-0.062,1
-0.064,1
-0.07,1
-0.074,1
-0.076,1
-0.079,1
-0.08,1
-0.081,1
-0.084,1
-0.087,1
-0.092,1
-0.097,1
-0.102,1
-0.03,1
0.098,1
0.193,1
0.225,1
0.14,1
0.007,1
-0.076,1
-0.081,1
-0.09,1
-0.099,1
-0.105,1
-0.107,1
-0.11,1
-0.113,1
-0.117,1
-0.118,1
-0.123,1
-0.124,1
-0.132,1
-0.134,1
-0.136,1
-0.141,1
-0.146,1
-0.149,2
-0.151,2
0.062,2
0.348,2
0.702,2
0.998,2
1.099,2
1.012,2
0.817,2
0.613,2
0.42,2
0.244,2
0.099,2
-0.064,2
-0.067,2
-0.066,2
-0.067,2
-0.066,2
-0.067,2
-0.066,2
-0.066,2
-0.072,2
-0.074,2
-0.082,2
-0.09,2
-0.098,2
-0.1,2
-0.003,2
0.121,2
0.213,2
0.23,2
0.133,2
-0.002,2
-0.082,2
-0.086,2
-0.092,2
-0.1,2
-0.103,2
-0.107,2
-0.109,2
-0.115,2
-0.116,2
-0.12,2
-0.123,2
-0.123,2
-0.126,2
-0.128,2
-0.131,2
-0.137,3
-0.143,3
-0.147,3
-0.146,3
0.173,3
0.476,3
0.805,3
1.019,3
1.019,3
0.844,3
0.64,3
0.451,3
0.274,3
0.117,3
-0.033,3
-0.084,3
-0.083,3
-0.083,3
-0.084,3
-0.086,3
-0.088,3
-0.091,3
-0.094,3
-0.106,3
-0.113,3
-0.12,3
-0.125,3
-0.127,3
-0.124,3
0.001,3
0.109,3
0.184,3
0.157,3
0.055,3
-0.102,3
-0.108,3
-0.112,3
-0.119,3
-0.126,3
-0.129,3
-0.132,3
-0.136,3
-0.134,3
-0.136,3
-0.138,3
-0.14,3
-0.143,3
-0.148,3
-0.153,4
-0.155,4
-0.158,4
-0.16,4
-0.164,4
0.004,4
0.233,4
0.533,4
0.779,4
0.873,4
0.783,4
0.612,4
0.438,4
0.273,4
0.12,4
-0.022,4
-0.099,4
-0.096,4
-0.102,4
-0.107,4
-0.113,4
-0.12,4
-0.123,4
-0.129,4
-0.14,4
-0.148,4
-0.158,4
-0.166,4
-0.171,4
-0.172,4
-0.17,4
-0.087,4
0.016,4
0.068,4
0.022,4
-0.112,4
-0.115,4
-0.12,4
-0.128,4
-0.13,4
-0.135,4
-0.137,4
-0.138,4
-0.141,4
-0.143,4
-0.147,4
-0.153,4
-0.154,4
-0.158,5
-0.163,5
-0.166,5
-0.167,5
-0.169,5
-0.171,5
-0.166,5
0.059,5
0.229,5
0.423,5
0.561,5
0.58,5
0.474,5
0.335,5
0.201,5
0.079,5
-0.062,5
-0.062,5
-0.069,5
-0.076,5
-0.079,5
-0.084,5
-0.09,5
-0.093,5
-0.102,5
-0.109,5
-0.118,5
-0.127,5
-0.132,5
-0.137,5
-0.138,5
-0.141,5
-0.142,5
-0.139,5
-0.119,5
-0.102,5
-0.119,5
-0.128,5
-0.132,5
-0.136,5
-0.137,5
-0.142,5
-0.149,5
-0.149,5
-0.15,5
-0.151,5
-0.156,5
-0.159,5
-0.16,6
-0.165,6
-0.171,6
-0.172,6
-0.176,6
-0.177,6
-0.177,6
-0.178,6
-0.173,6
0.026,6
0.138,6
0.236,6
0.282,6
0.237,6
0.137,6
0.002,6
-0.036,6
-0.044,6
-0.055,6
-0.061,6
-0.066,6
-0.072,6
-0.076,6
-0.088,6
-0.1,6
-0.11,6
-0.119,6
-0.127,6
-0.139,6
-0.146,6
-0.152,6
-0.157,6
-0.159,6
-0.165,6
-0.167,6
-0.165,6
-0.162,6
-0.162,6
-0.161,6
-0.161,6
-0.161,6
-0.164,6
-0.167,6
-0.169,6
-0.173,6
-0.178,6
-0.182,6
-0.187,6
-0.192,7
-0.197,7
-0.202,7
-0.205,7
-0.209,7
-0.214,7
-0.21,7
-0.212,7
-0.214,7
-0.214,7
-0.211,7
-0.199,7
-0.045,7
-0.074,7
-0.048,7
-0.105,7
-0.122,7
-0.131,7
-0.14,7
-0.146,7
-0.153,7
-0.159,7
-0.169,7
-0.176,7
-0.188,7
-0.198,7
-0.211,7
-0.221,7
-0.228,7
-0.23,7
-0.239,7
-0.241,7
-0.243,7
-0.247,7
-0.252,7
-0.257,7
-0.258,7
-0.258,7
-0.257,7
-0.255,7
-0.249,7
-0.246,7
-0.247,7
-0.25,7
-0.251,7
-0.258,7
-0.258,7
-0.263,7
-0.267,8
-0.265,8
-0.27,8
-0.271,8
-0.276,8
-0.28,8
-0.282,8
-0.284,8
-0.287,8
-0.285,8
-0.29,8
-0.292,8
-0.292,8
-0.285,8
-0.275,8
-0.273,8
-0.271,8
-0.268,8
-0.267,8
-0.263,8
-0.265,8
-0.268,8
-0.273,8
-0.28,8
-0.287,8
-0.297,8
-0.304,8
-0.313,8
-0.319,8
-0.324,8
-0.326,8
-0.33,8
-0.33,8
-0.332,8
-0.336,8
-0.335,8
-0.337,8
-0.337,8
-0.335,8
-0.333,8
-0.333,8
-0.328,8
-0.324,8
-0.318,8
-0.31,8
-0.304,8
-0.301,8
-0.301,8
-0.304,9
-0.307,9
-0.313,9
-0.32,9
-0.325,9
-0.335,9
-0.338,9
-0.343,9
-0.348,9
-0.353,9
-0.357,9
-0.358,9
-0.354,9
-0.353,9
-0.35,9
-0.347,9
-0.343,9
-0.342,9
-0.34,9
-0.334,9
-0.334,9
-0.335,9
-0.341,9
-0.347,9
-0.352,9
-0.361,9
-0.369,9
-0.375,9
-0.38,9
-0.38,9
-0.387,9
-0.393,9
-0.395,9
-0.388,9
-0.393,9
-0.391,9
-0.394,9
-0.391,9
-0.386,9
-0.388,9
-0.387,9
-0.386,9
-0.386,9
-0.383,9
-0.372,9
-0.351,9
-0.301,9
-0.056,9
-0.068,10
-0.16,10
-0.191,10
-0.205,10
-0.219,10
-0.229,10
-0.24,10
-0.25,10
-0.259,10
-0.268,10
-0.276,10
-0.28,10
-0.287,10
-0.291,10
-0.292,10
-0.294,10
-0.294,10
-0.295,10
-0.293,10
-0.294,10
-0.293,10
-0.293,10
-0.297,10
-0.301,10
-0.31,10
-0.318,10
-0.332,10
-0.335,10
-0.342,10
-0.349,10
-0.352,10
-0.357,10
-0.358,10
-0.361,10
-0.363,10
-0.363,10
-0.368,10
-0.367,10
-0.365,10
-0.365,10
-0.365,10
-0.367,10
-0.364,10
-0.362,10
-0.358,10
-0.35,10
-0.254,10
0.034,10
0.097,11
0.114,11
0.063,11
-0.051,11
-0.071,11
-0.082,11
-0.092,11
-0.099,11
-0.11,11
-0.114,11
-0.12,11
-0.127,11
-0.13,11
-0.139,11
-0.142,11
-0.145,11
-0.149,11
-0.153,11
-0.152,11
-0.155,11
-0.161,11
-0.166,11
-0.172,11
-0.177,11
-0.187,11
-0.195,11
-0.204,11
-0.213,11
-0.223,11
-0.23,11
-0.24,11
-0.249,11
-0.254,11
-0.26,11
-0.265,11
-0.269,11
-0.274,11
-0.276,11
-0.281,11
-0.282,11
-0.288,11
-0.291,11
-0.291,11
-0.293,11
-0.294,11
-0.295,11
-0.29,11
-0.021,11
0.085,12
0.176,12
0.228,12
0.187,12
0.097,12
-0.013,12
-0.104,12
-0.11,12
-0.123,12
-0.13,12
-0.136,12
-0.147,12
-0.152,12
-0.158,12
-0.163,12
-0.169,12
-0.172,12
-0.174,12
-0.177,12
-0.18,12
-0.178,12
-0.186,12
-0.189,12
-0.194,12
-0.197,12
-0.204,12
-0.211,12
-0.22,12
-0.222,12
-0.23,12
-0.234,12
-0.24,12
-0.244,12
-0.248,12
-0.249,12
-0.252,12
-0.252,12
-0.248,12
-0.249,12
-0.252,12
-0.254,12
-0.254,12
-0.255,12
-0.258,12
-0.255,12
-0.256,12
-0.259,12
-0.25,12
0.065,13
0.19,13
0.301,13
0.353,13
0.305,13
0.204,13
0.1,13
-0.039,13
-0.055,13
-0.063,13
-0.076,13
-0.08,13
-0.082,13
-0.083,13
-0.089,13
-0.093,13
-0.093,13
-0.096,13
-0.099,13
-0.1,13
-0.102,13
-0.104,13
-0.107,13
-0.117,13
-0.122,13
-0.127,13
-0.129,13
-0.138,13
-0.145,13
-0.151,13
-0.159,13
-0.164,13
-0.174,13
-0.178,13
-0.18,13
-0.19,13
-0.196,13
-0.196,13
-0.201,13
-0.204,13
-0.209,13
-0.21,13
-0.212,13
-0.216,13
-0.22,13
-0.222,13
-0.227,13
-0.232,13
-0.231,14
0.103,14
0.235,14
0.352,14
0.416,14
0.368,14
0.26,14
0.144,14
-0.008,14
-0.044,14
-0.052,14
-0.062,14
-0.068,14
-0.069,14
-0.074,14
-0.077,14
-0.084,14
-0.084,14
-0.085,14
-0.089,14
-0.096,14
-0.103,14
-0.11,14
-0.12,14
-0.132,14
-0.139,14
-0.145,14
-0.149,14
-0.152,14
-0.159,14
-0.168,14
-0.174,14
-0.178,14
-0.185,14
-0.193,14
-0.199,14
-0.204,14
-0.208,14
-0.211,14
-0.215,14
-0.219,14
-0.223,14
-0.227,14
-0.232,14
-0.236,14
-0.237,14
-0.24,14
-0.246,14
-0.249,15
-0.215,15
0.135,15
0.273,15
0.392,15
0.425,15
0.336,15
0.222,15
0.114,15
-0.039,15
-0.06,15
-0.067,15
-0.078,15
-0.084,15
-0.086,15
-0.091,15
-0.095,15
-0.097,15
-0.099,15
-0.101,15
-0.11,15
-0.114,15
-0.119,15
-0.128,15
-0.139,15
-0.143,15
-0.147,15
-0.152,15
-0.155,15
-0.162,15
-0.166,15
-0.172,15
-0.179,15
-0.188,15
-0.194,15
-0.201,15
-0.209,15
-0.215,15
-0.218,15
-0.226,15
-0.228,15
-0.232,15
-0.236,15
-0.238,15
-0.242,15
-0.245,15
-0.254,15
-0.258,15
-0.262,16
-0.265,16
0.008,16
0.174,16
0.338,16
0.461,16
0.492,16
0.385,16
0.248,16
0.119,16
-0.037,16
-0.077,16
-0.09,16
-0.1,16
-0.106,16
-0.111,16
-0.113,16
-0.117,16
-0.121,16
-0.122,16
-0.127,16
-0.133,16
-0.139,16
-0.149,16
-0.157,16
-0.168,16
-0.175,16
-0.178,16
-0.177,16
-0.174,16
-0.18,16
-0.186,16
-0.193,16
-0.199,16
-0.207,16
-0.211,16
-0.215,16
-0.218,16
-0.222,16
-0.225,16
-0.231,16
-0.234,16
-0.239,16
-0.243,16
-0.248,16
-0.246,16
-0.254,16
-0.26,16
-0.265,17
-0.269,17
-0.267,17
0.012,17
0.172,17
0.32,17
0.429,17
0.409,17
0.296,17
0.167,17
0.042,17
-0.072,17
-0.087,17
-0.096,17
-0.102,17
-0.107,17
-0.112,17
-0.115,17
-0.118,17
-0.119,17
-0.125,17
-0.133,17
-0.12,17
-0.1255,17
-0.1315,17
-0.14,17
-0.1485,17
-0.1515,17
-0.1525,17
-0.1435,17
-0.142,17
-0.149,17
-0.154,17
-0.1625,17
-0.167,17
-0.1705,17
-0.1775,17
-0.1825,17
-0.188,17
-0.193,17
-0.1955,17
-0.1995,17
-0.2045,17
-0.2095,17
-0.214,17
-0.218,17
-0.2195,17
-0.2275,17
-0.232,18
-0.2335,18
-0.2375,18
-0.2385,18
0.04,18
0.192,18
0.334,18
0.4225,18
0.384,18
0.265,18
0.145,18
0.005,18
-0.0565,18
-0.072,18
-0.08,18
-0.083,18
-0.083,18
-0.087,18
-0.088,18
-0.093,18
-0.0965,18
-0.102,18
-0.106,18
-0.1145,18
-0.123,18
-0.1345,18
-0.143,18
-0.152,18
-0.1555,18
-0.147,18
-0.1045,18
-0.102,18
-0.122,18
-0.1315,18
-0.1405,18
-0.147,18
-0.1535,18
-0.16,18
-0.166,18
-0.172,18
-0.1765,18
-0.182,18
-0.187,18
-0.1905,18
-0.193,18
-0.195,18
-0.1995,18
-0.2055,18
-0.208,19
-0.212,19
-0.2185,19
-0.221,19
-0.22,19
0.057,19
0.2045,19
0.3405,19
0.4125,19
0.3725,19
0.262,19
0.145,19
0.006,19
-0.0455,19
-0.0575,19
-0.068,19
-0.0725,19
-0.074,19
-0.0755,19
-0.077,19
-0.0795,19
-0.0825,19
-0.09,19
-0.0975,19
-0.108,19
-0.1185,19
-0.1295,19
-0.138,19
-0.1425,19
-0.148,19
-0.147,19
-0.142,19
-0.138,19
-0.1385,19
-0.1465,19
-0.1515,19
-0.1575,19
-0.1645,19
-0.171,19
-0.1755,19
-0.1805,19
-0.1845,19
-0.1865,19
-0.1895,19
-0.191,19
-0.195,19
-0.2,19
-0.205,19
-0.2095,20
-0.2155,20
-0.2195,20
-0.2235,20
-0.226,20
-0.2235,20
0.0405,20
0.163,20
0.259,20
0.291,20
0.2345,20
0.139,20
0.012,20
-0.0405,20
-0.0545,20
-0.065,20
-0.07,20
-0.0715,20
-0.0745,20
-0.0765,20
-0.0785,20
-0.082,20
-0.09,20
-0.098,20
-0.1065,20
-0.115,20
-0.1265,20
-0.1355,20
-0.145,20
-0.1525,20
-0.1565,20
-0.157,20
-0.152,20
-0.1515,20
-0.1515,20
-0.151,20
-0.1525,20
-0.1545,20
-0.1595,20
-0.165,20
-0.1685,20
-0.171,20
-0.1735,20
-0.1785,20
-0.1805,20
-0.182,20
-0.187,20
-0.1945,20
-0.2,21
-0.206,21
-0.211,21
-0.216,21
-0.2215,21
-0.223,21
-0.225,21
-0.099,21
0.0885,21
0.16,21
0.1705,21
0.097,21
-0.0135,21
-0.046,21
-0.0585,21
-0.062,21
-0.0645,21
-0.0675,21
-0.0725,21
-0.077,21
-0.081,21
-0.086,21
-0.0925,21
-0.1025,21
-0.1125,21
-0.125,21
-0.1385,21
-0.148,21
-0.1545,21
-0.1595,21
-0.1665,21
-0.169,21
-0.1715,21
-0.1695,21
-0.166,21
-0.169,21
-0.1725,21
-0.172,21
-0.1815,21
-0.193,21
-0.198,21
-0.2,21
-0.2035,21
-0.2095,21
-0.2135,21
-0.2155,21
-0.22,21
-0.224,21
-0.2275,22
-0.237,22
-0.244,22
-0.2525,22
-0.2585,22
-0.262,22
-0.2665,22
-0.2655,22
-0.2305,22
-0.0035,22
0.057,22
0.0375,22
-0.0445,22
-0.0795,22
-0.098,22
-0.105,22
-0.11,22
-0.1175,22
-0.1215,22
-0.1275,22
-0.1335,22
-0.142,22
-0.152,22
-0.1625,22
-0.174,22
-0.1905,22
-0.202,22
-0.213,22
-0.2225,22
-0.229,22
-0.242,22
-0.2495,22
-0.2565,22
-0.2575,22
-0.2585,22
-0.258,22
-0.257,22
-0.2575,22
-0.2625,22
-0.266,22
-0.272,22
-0.2755,22
-0.278,22
-0.2835,22
-0.288,22
-0.292,22
-0.293,22
-0.301,22
-0.3055,23
-0.3135,23
-0.317,23
-0.3205,23
-0.3235,23
-0.326,23
-0.327,23
-0.329,23
-0.3265,23
-0.3205,23
-0.2765,23
-0.1385,23
-0.1065,23
-0.177,23
-0.204,23
-0.217,23
-0.225,23
-0.2315,23
-0.24,23
-0.2455,23
-0.2505,23
-0.2565,23
-0.2615,23
-0.2715,23
-0.2835,23
-0.2935,23
-0.3015,23
-0.3075,23
-0.316,23
-0.324,23
-0.3305,23
-0.331,23
-0.3325,23
-0.332,23
-0.3305,23
-0.33,23
-0.327,23
-0.32,23
-0.315,23
-0.3095,23
-0.3075,23
-0.3075,23
-0.3075,23
-0.3055,23
-0.3065,23
-0.3075,23
-0.3065,23
-0.307,23
-0.3085,24
-0.314,24
-0.3135,24
-0.3185,24
-0.32,24
-0.3195,24
-0.323,24
-0.3225,24
-0.3235,24
-0.3205,24
-0.317,24
-0.313,24
-0.3095,24
-0.303,24
-0.295,24
-0.293,24
-0.296,24
-0.295,24
-0.29,24
-0.285,24
-0.2835,24
-0.284,24
-0.283,24
-0.284,24
-0.29,24
-0.296,24
-0.304,24
-0.308,24
-0.316,24
-0.324,24
-0.3275,24
-0.328,24
-0.331,24
-0.3305,24
-0.331,24
-0.331,24
-0.3295,24
-0.327,24
-0.323,24
-0.321,24
-0.32,24
-0.318,24
-0.3145,24
-0.309,24
-0.3025,24
-0.3,24
-0.296,24
-0.297,24
-0.3025,25
-0.306,25
-0.311,25
-0.318,25
-0.321,25
-0.3245,25
-0.3265,25
-0.33,25
-0.334,25
-0.337,25
-0.339,25
-0.3425,25
-0.3425,25
-0.338,25
-0.333,25
-0.328,25
-0.3265,25
-0.325,25
-0.323,25
-0.322,25
-0.325,25
-0.3265,25
-0.3285,25
-0.3355,25
-0.341,25
-0.35,25
-0.359,25
-0.3675,25
-0.3725,25
-0.378,25
-0.382,25
-0.385,25
-0.391,25
-0.3935,25
-0.3925,25
-0.3955,25
-0.397,25
-0.395,25
-0.395,25
-0.3965,25
-0.3995,25
-0.398,25
-0.3935,25
-0.376,25
-0.242,25
0.0045,25
0.024,25
-0.0185,25
-0.0755,26
-0.1085,26
-0.129,26
-0.1435,26
-0.1625,26
-0.18,26
-0.192,26
-0.208,26
-0.219,26
-0.233,26
-0.245,26
-0.2575,26
-0.265,26
-0.2685,26
-0.2725,26
-0.2775,26
-0.2795,26
-0.2805,26
-0.2805,26
-0.2785,26
-0.2775,26
-0.28,26
-0.2845,26
-0.293,26
-0.2995,26
-0.312,26
-0.3215,26
-0.337,26
-0.348,26
-0.3605,26
-0.3695,26
-0.376,26
-0.384,26
-0.3925,26
-0.4005,26
-0.403,26
-0.4045,26
-0.4075,26
-0.4095,26
-0.4105,26
-0.415,26
-0.4185,26
-0.4155,26
-0.4135,26
-0.394,26
0.039,26
0.1345,26
0.2505,26
0.3355,27
0.32,27
0.243,27
0.123,27
-0.0085,27
-0.0955,27
-0.109,27
-0.1225,27
-0.13,27
-0.139,27
-0.1435,27
-0.147,27
-0.149,27
-0.153,27
-0.157,27
-0.157,27
-0.159,27
-0.161,27
-0.1635,27
-0.1655,27
-0.166,27
-0.165,27
-0.1615,27
-0.1645,27
-0.1685,27
-0.176,27
-0.189,27
-0.2005,27
-0.213,27
-0.2225,27
-0.2295,27
-0.2345,27
-0.2395,27
-0.246,27
-0.254,27
-0.2585,27
-0.263,27
-0.267,27
-0.2685,27
-0.2725,27
-0.275,27
-0.274,27
-0.2765,27
-0.278,27
-0.28,27
-0.276,27
0.078,27
0.2655,27
0.469,28
0.631,28
0.6685,28
0.564,28
0.4165,28
0.2715,28
0.137,28
-0.012,28
-0.075,28
-0.0935,28
-0.1065,28
-0.111,28
-0.1145,28
-0.114,28
-0.1165,28
-0.1155,28
-0.115,28
-0.119,28
-0.121,28
-0.126,28
-0.128,28
-0.129,28
-0.127,28
-0.042,28
0.0295,28
-0.0275,28
-0.056,28
-0.0905,28
-0.1065,28
-0.118,28
-0.129,28
-0.1425,28
-0.1495,28
-0.161,28
-0.1665,28
-0.171,28
-0.178,28
-0.184,28
-0.1885,28
-0.1905,28
-0.1925,28
-0.196,28
-0.1995,28
-0.202,28
-0.205,28
-0.2065,28
-0.2065,28
0.086,28
0.323,29
0.5895,29
0.8185,29
0.888,29
0.791,29
0.617,29
0.4515,29
0.289,29
0.1425,29
-0.0165,29
-0.072,29
-0.085,29
-0.0945,29
-0.0995,29
-0.103,29
-0.107,29
-0.1105,29
-0.1105,29
-0.1125,29
-0.112,29
-0.1165,29
-0.1165,29
-0.1215,29
-0.12,29
0.057,29
0.166,29
0.244,29
0.2435,29
0.142,29
-0.005,29
-0.079,29
-0.1,29
-0.1135,29
-0.1205,29
-0.126,29
-0.1285,29
-0.132,29
-0.1345,29
-0.139,29
-0.1395,29
-0.1425,29
-0.1515,29
-0.158,29
-0.1625,29
-0.1685,29
-0.1735,29
-0.1815,29
-0.185,29
-0.079,30
0.232,30
0.56,30
0.889,30
1.077,30
1.0615,30
0.896,30
0.6895,30
0.4895,30
0.301,30
0.136,30
-0.02,30
-0.0895,30
-0.093,30
-0.098,30
-0.103,30
-0.1065,30
-0.108,30
-0.1105,30
-0.1085,30
-0.107,30
-0.109,30
-0.1075,30
-0.11,30
-0.112,30
0.0125,30
0.1645,30
0.3,30
0.384,30
0.3225,30
0.175,30
0.0405,30
-0.0945,30
-0.116,30
-0.1255,30
-0.1295,30
-0.136,30
-0.1365,30
-0.14,30
-0.143,30
-0.1435,30
-0.146,30
-0.147,30
-0.1465,30
-0.1505,30
-0.151,30
-0.1555,30
-0.161,30
-0.164,31
-0.164,31
0.1215,31
0.441,31
0.8035,31
1.0515,31
1.086,31
0.953,31
0.7425,31
0.535,31
0.3355,31
0.162,31
0.0215,31
-0.101,31
-0.094,31
-0.097,31
-0.0995,31
-0.102,31
-0.102,31
-0.0995,31
-0.099,31
-0.1,31
-0.0995,31
-0.1005,31
-0.1085,31
-0.1105,31
-0.0585,31
0.1125,31
0.284,31
0.4285,31
0.448,31
0.3115,31
0.165,31
0.0305,31
-0.0985,31
-0.1065,31
-0.1145,31
-0.1195,31
-0.1255,31
-0.1295,31
-0.1335,31
-0.1345,31
-0.134,31
-0.1335,31
-0.133,31
-0.135,31
-0.139,31
-0.141,31
-0.144,32
-0.1455,32
-0.146,32
0.0095,32
0.3025,32
0.642,32
0.9365,32
1.048,32
0.966,32
0.7745,32
0.5755,32
0.379,32
0.203,32
0.06,32
-0.081,32
-0.098,32
-0.0895,32
-0.0845,32
-0.083,32
-0.0845,32
-0.084,32
-0.084,32
-0.0835,32
-0.087,32
-0.0925,32
-0.0965,32
-0.1025,32
-0.107,32
-0.039,32
0.1415,32
0.3085,32
0.4315,32
0.4155,32
0.2765,32
0.14,32
0.002,32
-0.0895,32
-0.09,32
-0.084,32
-0.0845,32
-0.0905,32
-0.09,32
-0.089,32
-0.086,32
-0.088,32
-0.09,32
-0.0905,32
-0.093,32
-0.096,33
-0.0995,33
-0.101,33
-0.1005,33
-0.094,33
0.1465,33
0.388,33
0.649,33
0.8175,33
0.795,33
0.634,33
0.455,33
0.29,33
0.1465,33
-0.01,33
-0.0535,33
-0.05,33
-0.05,33
-0.048,33
-0.0495,33
-0.051,33
-0.055,33
-0.0575,33
-0.066,33
-0.071,33
-0.077,33
-0.086,33
-0.095,33
-0.1005,33
-0.1025,33
-0.0335,33
0.129,33
0.243,33
0.301,33
0.236,33
0.112,33
-0.0375,33
-0.0765,33
-0.076,33
-0.0755,33
-0.0775,33
-0.083,33
-0.0905,33
-0.094,33
-0.1005,33
-0.1055,33
-0.109,33
-0.114,33
-0.1185,34
-0.1245,34
-0.129,34
-0.132,34
-0.135,34
-0.1405,34
-0.009,34
0.175,34
0.3625,34
0.507,34
0.5245,34
0.419,34
0.276,34
0.139,34
-0.002,34
-0.101,34
-0.0995,34
-0.1035,34
-0.106,34
-0.1095,34
-0.114,34
-0.115,34
-0.117,34
-0.122,34
-0.124,34
-0.132,34
-0.138,34
-0.1435,34
-0.147,34
-0.15,34
-0.1565,34
-0.161,34
-0.098,34
0.0255,34
0.0865,34
0.069,34
-0.045,34
-0.106,34
-0.105,34
-0.1055,34
-0.108,34
-0.1105,34
-0.114,34
-0.1155,34
-0.1165,34
-0.1195,34
-0.1225,34
-0.1245,34
-0.126,35
-0.127,35
-0.129,35
-0.1325,35
-0.1335,35
-0.1385,35
-0.139,35
-0.1305,35
0.0245,35
0.122,35
0.185,35
0.195,35
0.122,35
-0.004,35
-0.0645,35
-0.0645,35
-0.066,35
-0.0685,35
-0.0715,35
-0.074,35
-0.0765,35
-0.0785,35
-0.0825,35
-0.0885,35
-0.093,35
-0.102,35
-0.1135,35
-0.1235,35
-0.133,35
-0.141,35
-0.147,35
-0.151,35
-0.154,35
-0.155,35
-0.152,35
-0.1345,35
-0.1135,35
-0.1175,35
-0.1245,35
-0.13,35
-0.136,35
-0.1385,35
-0.141,35
-0.144,35
-0.148,35
-0.153,35
-0.159,35
-0.1655,35
-0.1655,36
-0.169,36
-0.174,36
-0.1785,36
-0.182,36
-0.1835,36
-0.188,36
-0.1885,36
-0.192,36
-0.1855,36
-0.1795,36
-0.171,36
-0.1625,36
-0.1625,36
-0.165,36
-0.172,36
-0.176,36
-0.179,36
-0.1815,36
-0.186,36
-0.1905,36
-0.192,36
-0.1935,36
-0.196,36
-0.201,36
-0.2085,36
-0.2165,36
-0.2245,36
-0.2315,36
-0.2375,36
-0.24,36
-0.248,36
-0.251,36
-0.252,36
-0.2555,36
-0.255,36
-0.251,36
-0.2455,36
-0.239,36
-0.2325,36
-0.233,36
-0.234,36
-0.236,36
-0.2345,36
-0.2355,36
-0.239,36
-0.2395,36
-0.242,36
-0.2455,37
-0.2505,37
-0.253,37
-0.254,37
-0.2575,37
-0.259,37
-0.264,37
-0.2685,37
-0.27,37
-0.2715,37
-0.2735,37
-0.2705,37
-0.266,37
-0.258,37
-0.257,37
-0.2605,37
-0.2625,37
-0.26,37
-0.264,37
-0.2635,37
-0.262,37
-0.266,37
-0.2685,37
-0.274,37
-0.2755,37
-0.283,37
-0.293,37
-0.3005,37
-0.3065,37
-0.3135,37
-0.3175,37
-0.321,37
-0.323,37
-0.322,37
-0.3265,37
-0.3305,37
-0.333,37
-0.3345,37
-0.337,37
-0.338,37
-0.3315,37
-0.329,37
-0.3195,37
-0.317,37
-0.313,37
-0.311,37
-0.3115,37
-0.309,37
-0.3115,38
-0.314,38
-0.317,38
-0.317,38
-0.3185,38
-0.32,38
-0.3205,38
-0.32,38
-0.319,38
-0.3185,38
-0.3195,38
-0.316,38
-0.311,38
-0.3125,38
-0.3075,38
-0.3035,38
-0.303,38
-0.3,38
-0.299,38
-0.2975,38
-0.295,38
-0.2965,38
-0.2975,38
-0.297,38
-0.3005,38
-0.306,38
-0.311,38
-0.3205,38
-0.325,38
-0.3265,38
-0.331,38
-0.337,38
-0.3385,38
-0.338,38
-0.3385,38
-0.34,38
-0.341,38
-0.339,38
-0.337,38
-0.3365,38
-0.3385,38
-0.3375,38
-0.333,38
-0.3295,38
-0.324,38
-0.3155,38
-0.3095,38
-0.3005,38
-0.29,39
-0.284,39
-0.286,39
-0.288,39
-0.29,39
-0.294,39
-0.298,39
-0.3035,39
-0.311,39
-0.316,39
-0.3185,39
-0.3205,39
-0.323,39
-0.326,39
-0.3255,39
-0.326,39
-0.323,39
-0.3175,39
-0.314,39
-0.3135,39
-0.311,39
-0.2415,39
-0.172,39
-0.1855,39
-0.1905,39
-0.194,39
-0.1995,39
-0.206,39
-0.212,39
-0.216,39
-0.2185,39
-0.2195,39
-0.2205,39
-0.2205,39
-0.2235,39
-0.227,39
-0.231,39
-0.2335,39
-0.2315,39
-0.231,39
-0.233,39
-0.2355,39
-0.2345,39
-0.2355,39
-0.2325,39
-0.2225,39
-0.205,39
-0.0255,39
0.116,40
0.0705,40
-0.01,40
-0.05,40
-0.068,40
-0.082,40
-0.093,40
-0.106,40
-0.1125,40
-0.1235,40
-0.1345,40
-0.1395,40
-0.1475,40
-0.1535,40
-0.159,40
-0.163,40
-0.1685,40
-0.1725,40
-0.175,40
-0.179,40
-0.181,40
-0.182,40
-0.1855,40
-0.192,40
-0.1985,40
-0.205,40
-0.214,40
-0.222,40
-0.228,40
-0.2365,40
-0.2435,40
-0.25,40
-0.257,40
-0.261,40
-0.2655,40
-0.269,40
-0.2725,40
-0.2725,40
-0.2725,40
-0.274,40
-0.273,40
-0.2755,40
-0.2755,40
-0.276,40
-0.274,40
-0.272,40
-0.262,40
-0.067,40
0.161,41
0.211,41
0.224,41
0.1765,41
0.0775,41
0.0455,41
0.0415,41
0.033,41
0.017,41
0.005,41
-0.003,41
-0.0055,41
-0.009,41
-0.0135,41
-0.02,41
-0.0245,41
-0.03,41
-0.0355,41
-0.04,41
-0.044,41
-0.049,41
-0.0515,41
-0.0555,41
-0.059,41
-0.0645,41
-0.0725,41
-0.0805,41
-0.088,41
-0.099,41
-0.1095,41
-0.1165,41
-0.1275,41
-0.1345,41
-0.141,41
-0.146,41
-0.1525,41
-0.158,41
-0.163,41
-0.168,41
-0.17,41
-0.1745,41
-0.177,41
-0.181,41
-0.182,41
-0.1835,41
-0.185,41
-0.184,41
-0.057,41
0.1605,42
0.2575,42
0.3385,42
0.385,42
0.353,42
0.2595,42
0.147,42
0.024,42
0.022,42
0.0185,42
0.011,42
-0.0005,42
-0.0085,42
-0.0115,42
-0.012,42
-0.0145,42
-0.016,42
-0.017,42
-0.021,42
-0.023,42
-0.0245,42
-0.028,42
-0.0325,42
-0.037,42
-0.0395,42
-0.0435,42
-0.0495,42
-0.056,42
-0.0625,42
-0.073,42
-0.08,42
-0.0865,42
-0.0945,42
-0.1005,42
-0.1045,42
-0.1075,42
-0.112,42
-0.114,42
-0.116,42
-0.118,42
-0.122,42
-0.122,42
-0.1235,42
-0.126,42
-0.1285,42
-0.131,42
-0.131,42
-0.1295,42
-0.0015,43
0.2225,43
0.3395,43
0.4435,43
0.4795,43
0.401,43
0.2905,43
0.1645,43
0.056,43
0.0555,43
0.054,43
0.0475,43
0.0365,43
0.0345,43
0.0325,43
0.031,43
0.0285,43
0.0265,43
0.0225,43
0.018,43
0.0125,43
0.006,43
-0.0035,43
-0.008,43
-0.0105,43
-0.0135,43
-0.0155,43
-0.023,43
-0.031,43
-0.0405,43
-0.049,43
-0.059,43
-0.0685,43
-0.0745,43
-0.0785,43
-0.083,43
-0.088,43
-0.095,43
-0.1,43
-0.102,43
-0.106,43
-0.1095,43
-0.114,43
-0.118,43
-0.123,43
-0.1275,43
-0.1305,43
-0.132,43
-0.13,44
0.1475,44
0.2925,44
0.4185,44
0.499,44
0.475,44
0.3715,44
0.2615,44
0.1225,44
0.044,44
0.0435,44
0.045,44
0.0375,44
0.026,44
0.017,44
0.012,44
0.007,44
0.0065,44
0.004,44
0.001,44
-0.0015,44
-0.007,44
-0.012,44
-0.0195,44
-0.0275,44
-0.034,44
-0.0275,44
0.05,44
0.014,44
-0.0175,44
-0.036,44
-0.0475,44
-0.058,44
-0.0685,44
-0.079,44
-0.086,44
-0.0925,44
-0.0995,44
-0.103,44
-0.106,44
-0.109,44
-0.115,44
-0.1185,44
-0.122,44
-0.125,44
-0.128,44
-0.1305,44
-0.1305,44
-0.1345,45
-0.028,45
0.221,45
0.379,45
0.524,45
0.584,45
0.503,45
0.3695,45
0.244,45
0.0995,45
0.028,45
0.0305,45
0.0305,45
0.0305,45
0.023,45
0.0155,45
0.009,45
0.0065,45
0.003,45
0.001,45
-0.005,45
-0.0085,45
-0.0135,45
-0.0205,45
-0.0305,45
-0.0365,45
0.0035,45
0.115,45
0.1505,45
0.0885,45
0.0265,45
0.0225,45
0.017,45
0.004,45
-0.008,45
-0.0195,45
-0.027,45
-0.0335,45
-0.0395,45
-0.046,45
-0.0535,45
-0.0605,45
-0.066,45
-0.0725,45
-0.075,45
-0.0785,45
-0.082,45
-0.0855,45
-0.0905,46
-0.094,46
0.0235,46
0.2605,46
0.414,46
0.5395,46
0.5715,46
0.4755,46
0.346,46
0.221,46
0.0705,46
0.03,46
0.0295,46
0.032,46
0.03,46
0.0225,46
0.0155,46
0.011,46
0.0065,46
0.003,46
-0.0005,46
-0.0045,46
-0.0095,46
-0.015,46
-0.0225,46
-0.0285,46
-0.032,46
0.1075,46
0.202,46
0.24,46
0.2025,46
0.074,46
0.033,46
0.029,46
0.0205,46
0.01,46
0.003,46
-0.0045,46
-0.012,46
-0.014,46
-0.015,46
-0.016,46
-0.0195,46
-0.0235,46
-0.0295,46
-0.033,46
-0.0415,46
-0.048,46
-0.0585,47
-0.064,47
-0.0635,47
0.142,47
0.302,47
0.4585,47
0.5745,47
0.561,47
0.4415,47
0.3135,47
0.1825,47
0.0425,47
0.0255,47
0.0205,47
0.018,47
0.013,47
0.0115,47
0.007,47
0.0075,47
0.0025,47
0.0005,47
-0.005,47
-0.01,47
-0.018,47
-0.0255,47
-0.0335,47
-0.04,47
-0.0415,47
0.1375,47
0.2335,47
0.287,47
0.2725,47
0.1675,47
0.036,47
0.0245,47
0.02,47
0.016,47
0.012,47
0.009,47
0.0055,47
-0.0005,47
-0.0035,47
-0.0075,47
-0.0125,47
-0.0185,47
-0.024,47
-0.0275,47
-0.0315,47
-0.037,48
-0.0445,48
-0.049,48
-0.0495,48
0.197,48
0.357,48
0.515,48
0.6015,48
0.5485,48
0.4105,48
0.275,48
0.1345,48
0.039,48
0.04,48
0.035,48
0.0305,48
0.0255,48
0.0245,48
0.021,48
0.017,48
0.012,48
0.0075,48
0.0015,48
-0.0075,48
-0.015,48
-0.024,48
-0.0355,48
-0.0445,48
-0.0485,48
0.1295,48
0.226,48
0.2895,48
0.281,48
0.1905,48
0.0545,48
0.0235,48
0.0195,48
0.015,48
0.009,48
0.0025,48
-0.001,48
-0.0045,48
-0.008,48
-0.0125,48
-0.0195,48
-0.027,48
-0.032,48
-0.039,48
-0.0445,49
-0.0525,49
-0.06,49
-0.0655,49
-0.062,49
0.1595,49
0.295,49
0.414,49
0.4715,49
0.4155,49
0.2945,49
0.173,49
0.0335,49
0.0165,49
0.013,49
0.008,49
0.003,49
0,49
-0.0015,49
-0.004,49
-0.0085,49
-0.013,49
-0.016,49
-0.022,49
-0.031,49
-0.04,49
-0.0505,49
-0.0615,49
-0.07,49
-0.0735,49
0.0625,49
0.1665,49
0.225,49
0.2215,49
0.1335,49
0.013,49
0.006,49
0.0035,49
-0.001,49
-0.0075,49
-0.012,49
-0.015,49
-0.0185,49
-0.023,49
-0.0265,49
-0.0315,49
-0.0395,49
-0.0475,49
-0.054,50
-0.0635,50
-0.07,50
-0.076,50
-0.0785,50
-0.0805,50
0.107,50
0.226,50
0.312,50
0.3325,50
0.26,50
0.1505,50
0.018,50
0.0025,50
-0.0035,50
-0.007,50
-0.01,50
-0.0165,50
-0.02,50
-0.026,50
-0.0295,50
-0.036,50
-0.041,50
-0.0485,50
-0.057,50
-0.065,50
-0.077,50
-0.087,50
-0.097,50
-0.103,50
-0.106,50
-0.1025,50
0.0775,50
0.1485,50
0.173,50
0.1115,50
0.001,50
-0.0155,50
-0.023,50
-0.0275,50
-0.035,50
-0.037,50
-0.041,50
-0.0465,50
-0.0495,50
-0.055,50
-0.062,50
-0.0615,50
-0.0675,51
-0.0725,51
-0.0785,51
-0.085,51
-0.087,51
-0.0895,51
-0.088,51
0.0645,51
0.1375,51
0.1945,51
0.1805,51
0.0815,51
0.014,51
0.013,51
0.01,51
0.007,51
0.0075,51
0.005,51
0.003,51
0,51
-0.004,51
-0.0055,51
-0.0105,51
-0.0175,51
-0.0245,51
-0.0335,51
-0.0415,51
-0.0495,51
-0.0595,51
-0.067,51
-0.072,51
-0.077,51
-0.0845,51
-0.082,51
-0.0725,51
-0.0435,51
-0.0345,51
-0.0415,51
-0.0515,51
-0.058,51
-0.063,51
-0.0705,51
-0.0775,51
-0.0855,51
-0.09,51
-0.0925,51
-0.0995,51
-0.1045,51
-0.111,52
-0.114,52
-0.121,52
-0.1265,52
-0.133,52
-0.1375,52
-0.1425,52
-0.1415,52
-0.1365,52
-0.129,52
-0.1155,52
-0.114,52
-0.117,52
-0.119,52
-0.1225,52
-0.1275,52
-0.1315,52
-0.1345,52
-0.1365,52
-0.1395,52
-0.1425,52
-0.146,52
-0.1525,52
-0.1555,52
-0.162,52
-0.1665,52
-0.1715,52
-0.1765,52
-0.1875,52
-0.1945,52
-0.201,52
-0.2055,52
-0.2095,52
-0.213,52
-0.216,52
-0.213,52
-0.209,52
-0.201,52
-0.1955,52
-0.1905,52
-0.19,52
-0.192,52
-0.1955,52
-0.201,52
-0.209,52
-0.21,52
-0.2135,52
-0.217,52
-0.2205,53
-0.2255,53
-0.23,53
-0.233,53
-0.235,53
-0.239,53
-0.244,53
-0.247,53
-0.247,53
-0.246,53
-0.241,53
-0.234,53
-0.228,53
-0.2255,53
-0.2245,53
-0.2255,53
-0.228,53
-0.2325,53
-0.234,53
-0.2355,53
-0.236,53
-0.2385,53
-0.243,53
-0.2465,53
-0.253,53
-0.2585,53
-0.266,53
-0.274,53
-0.283,53
-0.2885,53
-0.294,53
-0.2995,53
-0.3045,53
-0.306,53
-0.3085,53
-0.3105,53
-0.31,53
-0.309,53
-0.303,53
-0.291,53
-0.2745,53
-0.2555,53
-0.241,53
-0.2305,53
-0.2245,53
-0.2255,53
-0.227,53
-0.2275,53
-0.2365,54
-0.2435,54
-0.2495,54
-0.257,54
-0.2625,54
-0.266,54
-0.2715,54
-0.2785,54
-0.282,54
-0.2845,54
-0.287,54
-0.287,54
-0.287,54
-0.2855,54
-0.2795,54
-0.2765,54
-0.273,54
-0.2705,54
-0.267,54
-0.268,54
-0.265,54
-0.2655,54
-0.265,54
-0.2645,54
-0.2735,54
-0.279,54
-0.2865,54
-0.291,54
-0.3,54
-0.3085,54
-0.3115,54
-0.3175,54
-0.321,54
-0.3225,54
-0.3235,54
-0.326,54
-0.327,54
-0.3265,54
-0.3235,54
-0.3225,54
-0.3195,54
-0.3145,54
-0.298,54
-0.101,54
0.09,54
0.121,54
0.0905,54
0.026,54
-0.01,55
-0.027,55
-0.042,55
-0.0525,55
-0.063,55
-0.074,55
-0.0855,55
-0.1,55
-0.111,55
-0.1245,55
-0.132,55
-0.138,55
-0.1435,55
-0.1475,55
-0.1505,55
-0.151,55
-0.1545,55
-0.157,55
-0.1575,55
-0.157,55
-0.157,55
-0.161,55
-0.166,55
-0.1735,55
-0.182,55
-0.193,55
-0.204,55
-0.2145,55
-0.227,55
-0.236,55
-0.2465,55
-0.2545,55
-0.26,55
-0.2615,55
-0.264,55
-0.268,55
-0.2695,55
-0.2695,55
-0.2735,55
-0.2765,55
-0.278,55
-0.28,55
-0.28,55
-0.2755,55
-0.0595,55
0.2135,55
0.318,55
0.3945,55
0.406,56
0.3165,56
0.2245,56
0.094,56
0.0275,56
0.0175,56
0.0075,56
-0.003,56
-0.0165,56
-0.017,56
-0.0195,56
-0.0225,56
-0.029,56
-0.032,56
-0.0345,56
-0.0385,56
-0.04,56
-0.044,56
-0.0425,56
-0.0435,56
-0.0455,56
-0.049,56
-0.042,56
-0.0445,56
-0.0495,56
-0.054,56
-0.0635,56
-0.076,56
-0.091,56
-0.1015,56
-0.11,56
-0.118,56
-0.127,56
-0.132,56
-0.138,56
-0.141,56
-0.142,56
-0.148,56
-0.1515,56
-0.152,56
-0.1525,56
-0.156,56
-0.157,56
-0.158,56
-0.158,56
0.002,56
0.281,56
0.4545,56
0.6145,57
0.6935,57
0.6495,57
0.5235,57
0.3865,57
0.251,57
0.0945,57
0.031,57
0.0225,57
0.0155,57
0.0075,57
0.0015,57
-0.003,57
-0.004,57
-0.0055,57
-0.0085,57
-0.0125,57
-0.017,57
-0.016,57
-0.0195,57
-0.026,57
-0.0295,57
-0.027,57
0.1195,57
0.1665,57
0.1385,57
0.0605,57
0.0275,57
0.0115,57
-0.0065,57
-0.015,57
-0.025,57
-0.035,57
-0.047,57
-0.056,57
-0.066,57
-0.071,57
-0.076,57
-0.082,57
-0.0855,57
-0.088,57
-0.0905,57
-0.092,57
-0.096,57
-0.099,57
-0.101,57
0,57
0.28,57
0.509,58
0.751,58
0.906,58
0.894,58
0.7505,58
0.579,58
0.413,58
0.265,58
0.107,58
0.0225,58
0.023,58
0.0225,58
0.014,58
0.008,58
0.005,58
0.005,58
0,58
-0.002,58
-0.0015,58
-0.003,58
-0.006,58
-0.0145,58
-0.0215,58
0.044,58
0.2255,58
0.3555,58
0.4435,58
0.415,58
0.2895,58
0.157,58
0.0135,58
0,58
-0.0095,58
-0.0195,58
-0.03,58
-0.0365,58
-0.045,58
-0.049,58
-0.054,58
-0.058,58
-0.0625,58
-0.0655,58
-0.068,58
-0.0735,58
-0.077,58
-0.0835,58
-0.0895,58
-0.094,58
0.1955,59
0.4685,59
0.782,59
1.017,59
1.053,59
0.9175,59
0.7195,59
0.524,59
0.342,59
0.1905,59
0.0275,59
-0.0075,59
-0.0075,59
-0.007,59
-0.0115,59
-0.0135,59
-0.0185,59
-0.02,59
-0.0195,59
-0.022,59
-0.0195,59
-0.0225,59
-0.026,59
-0.0275,59
0.033,59
0.237,59
0.4315,59
0.6165,59
0.699,59
0.614,59
0.446,59
0.287,59
0.138,59
0.0005,59
-0.007,59
-0.0065,59
-0.0085,59
-0.0105,59
-0.016,59
-0.02,59
-0.025,59
-0.026,59
-0.0285,59
-0.027,59
-0.032,59
-0.0345,59
-0.04,59
-0.0405,59
-0.043,60
0.1145,60
0.3875,60
0.697,60
0.989,60
1.091,60
0.983,60
0.7805,60
0.5875,60
0.407,60
0.246,60
0.0925,60
0.0095,60
0.012,60
0.009,60
0.0125,60
0.0095,60
0.0045,60
0.008,60
0.006,60
0.0065,60
0.0045,60
0.0015,60
-0.05,60
-0.06,60
-0.06,60
0.13,60
0.35,60
0.58,60
0.72,60
0.67,60
0.52,60
0.37,60
0.22,60
0.08,60
-0.01,60
-0.01,60
-0.01,60
-0.01,60
-0.01,60
-0.02,60
-0.01,60
-0.02,60
-0.02,60
-0.02,60
-0.02,60
-0.02,60
-0.02,60
-0.02,61
-0.03,61
0.02,61
0.27,61
0.53,61
0.79,61
0.93,61
0.88,61
0.71,61
0.52,61
0.36,61
0.21,61
0.06,61
0.03,61
0.03,61
0.03,61
0.03,61
0.03,61
0.03,61
0.02,61
0.02,61
0.02,61
0.01,61
0.01,61
0.00,61
-0.01,61
-0.01,61
0.02,61
0.24,61
0.45,61
0.65,61
0.73,61
0.63,61
0.47,61
0.31,61
0.17,61
0.03,61
0.01,61
0.01,61
0.01,61
0.00,61
0.00,61
-0.01,61
-0.01,61
-0.01,61
-0.01,61
-0.01,61
-0.02,61
-0.02,62
-0.03,62
-0.03,62
-0.03,62
0.12,62
0.33,62
0.54,62
0.70,62
0.70,62
0.57,62
0.42,62
0.27,62
0.13,62
0.00,62
0.00,62
0.00,62
0.00,62
-0.01,62
-0.01,62
-0.01,62
-0.02,62
-0.02,62
-0.03,62
-0.03,62
-0.04,62
-0.05,62
-0.06,62
-0.07,62
-0.07,62
0.06,62
0.28,62
0.47,62
0.59,62
0.58,62
0.46,62
0.31,62
0.18,62
0.03,62
-0.02,62
-0.02,62
-0.02,62
-0.02,62
-0.03,62
-0.03,62
-0.03,62
-0.03,62
-0.04,62
-0.04,62
-0.05,63
-0.05,63
-0.06,63
-0.06,63
-0.07,63
-0.02,63
0.18,63
0.34,63
0.45,63
0.45,63
0.35,63
0.23,63
0.10,63
-0.01,63
-0.01,63
-0.02,63
-0.02,63
-0.03,63
-0.03,63
-0.03,63
-0.04,63
-0.04,63
-0.05,63
-0.06,63
-0.07,63
-0.07,63
-0.08,63
-0.09,63
-0.10,63
-0.10,63
-0.09,63
0.10,63
0.24,63
0.35,63
0.38,63
0.31,63
0.19,63
0.06,63
-0.02,63
-0.03,63
-0.03,63
-0.04,63
-0.05,63
-0.05,63
-0.05,63
-0.05,63
-0.06,63
-0.06,63
-0.06,64
-0.07,64
-0.08,64
-0.08,64
-0.08,64
-0.09,64
-0.09,64
-0.01,64
0.11,64
0.17,64
0.15,64
0.05,64
-0.01,64
-0.02,64
-0.02,64
-0.03,64
-0.03,64
-0.03,64
-0.04,64
-0.04,64
-0.04,64
-0.05,64
-0.05,64
-0.05,64
-0.06,64
-0.07,64
-0.08,64
-0.08,64
-0.09,64
-0.10,64
-0.11,64
-0.11,64
-0.11,64
-0.04,64
0.08,64
0.09,64
0.02,64
-0.01,64
-0.02,64
-0.03,64
-0.03,64
-0.04,64
-0.05,64
-0.05,64
-0.06,64
-0.07,64
-0.07,64
-0.08,64
-0.08,65
-0.09,65
-0.09,65
-0.10,65
-0.11,65
-0.11,65
-0.12,65
-0.12,65
-0.12,65
-0.11,65
-0.11,65
-0.11,65
-0.11,65
-0.12,65
-0.12,65
-0.12,65
-0.12,65
-0.12,65
-0.12,65
-0.13,65
-0.13,65
-0.14,65
-0.14,65
-0.15,65
-0.15,65
-0.16,65
-0.17,65
-0.18,65
-0.18,65
-0.19,65
-0.20,65
-0.21,65
-0.21,65
-0.22,65
-0.22,65
-0.21,65
-0.20,65
-0.18,65
-0.18,65
-0.18,65
-0.18,65
-0.19,65
-0.19,65
-0.20,65
-0.21,65
-0.21,65
-0.21,65
-0.22,65
-0.22,66
-0.23,66
-0.23,66
-0.24,66
-0.25,66
-0.25,66
-0.26,66
-0.26,66
-0.26,66
-0.26,66
-0.26,66
-0.26,66
-0.26,66
-0.26,66
-0.26,66
-0.26,66
-0.26,66
-0.26,66
-0.26,66
-0.26,66
-0.26,66
-0.26,66
-0.26,66
-0.27,66
-0.27,66
-0.28,66
-0.29,66
-0.29,66
-0.30,66
-0.30,66
-0.31,66
-0.31,66
-0.31,66
-0.32,66
-0.32,66
-0.32,66
-0.32,66
-0.31,66
-0.30,66
-0.30,66
-0.29,66
-0.29,66
-0.29,66
-0.28,66
-0.28,66
-0.28,66
-0.28,66
-0.28,66
-0.28,67
-0.29,67
-0.29,67
-0.30,67
-0.30,67
-0.30,67
-0.30,67
-0.30,67
-0.30,67
-0.30,67
-0.31,67
-0.30,67
-0.30,67
-0.30,67
-0.30,67
-0.29,67
-0.29,67
-0.29,67
-0.29,67
-0.28,67
-0.28,67
-0.28,67
-0.29,67
-0.29,67
-0.29,67
-0.30,67
-0.30,67
-0.31,67
-0.32,67
-0.32,67
-0.33,67
-0.33,67
-0.33,67
-0.34,67
-0.34,67
-0.34,67
-0.34,67
-0.34,67
-0.33,67
-0.33,67
-0.33,67
-0.32,67
-0.31,67
-0.31,67
-0.30,67
-0.30,67
-0.29,67
-0.29,67
-0.29,68
-0.29,68
-0.29,68
-0.29,68
-0.30,68
-0.30,68
-0.31,68
-0.31,68
-0.32,68
-0.32,68
-0.32,68
-0.32,68
-0.33,68
-0.32,68
-0.32,68
-0.32,68
-0.32,68
-0.32,68
-0.32,68
-0.32,68
-0.33,68
-0.33,68
-0.33,68
-0.33,68
-0.34,68
-0.34,68
-0.35,68
-0.35,68
-0.36,68
-0.36,68
-0.37,68
-0.37,68
-0.37,68
-0.37,68
-0.37,68
-0.37,68
-0.37,68
-0.37,68
-0.37,68
-0.36,68
-0.36,68
-0.36,68
-0.35,68
-0.35,68
-0.34,68
-0.33,68
-0.31,68
-0.30,68
-0.29,69
-0.28,69
-0.28,69
-0.28,69
-0.28,69
-0.29,69
-0.29,69
-0.30,69
-0.31,69
-0.31,69
-0.32,69
-0.32,69
-0.33,69
-0.33,69
-0.33,69
-0.33,69
-0.33,69
-0.32,69
-0.32,69
-0.32,69
-0.32,69
-0.32,69
-0.33,69
-0.33,69
-0.33,69
-0.34,69
-0.35,69
-0.35,69
-0.36,69
-0.37,69
-0.37,69
-0.37,69
-0.38,69
-0.38,69
-0.39,69
-0.39,69
-0.39,69
-0.39,69
-0.39,69
-0.39,69
-0.39,69
-0.38,69
-0.38,69
-0.38,69
-0.37,69
-0.36,69
-0.33,69
-0.05,69
0.06,70
0.04,70
-0.01,70
-0.06,70
-0.09,70
-0.11,70
-0.13,70
-0.15,70
-0.17,70
-0.19,70
-0.20,70
-0.21,70
-0.22,70
-0.23,70
-0.23,70
-0.24,70
-0.24,70
-0.25,70
-0.25,70
-0.26,70
-0.26,70
-0.27,70
-0.27,70
-0.28,70
-0.29,70
-0.30,70
-0.30,70
-0.31,70
-0.32,70
-0.33,70
-0.34,70
-0.35,70
-0.35,70
-0.36,70
-0.37,70
-0.37,70
-0.37,70
-0.37,70
-0.38,70
-0.38,70
-0.38,70
-0.38,70
-0.38,70
-0.38,70
-0.37,70
-0.37,70
-0.35,70
0.05,70
0.14,71
0.20,71
0.20,71
0.12,71
0.01,71
-0.02,71
-0.03,71
-0.04,71
-0.05,71
-0.06,71
-0.06,71
-0.07,71
-0.07,71
-0.08,71
-0.08,71
-0.09,71
-0.09,71
-0.09,71
-0.09,71
-0.10,71
-0.10,71
-0.11,71
-0.11,71
-0.11,71
-0.11,71
-0.11,71
-0.12,71
-0.13,71
-0.14,71
-0.15,71
-0.16,71
-0.17,71
-0.18,71
-0.19,71
-0.19,71
-0.20,71
-0.21,71
-0.21,71
-0.22,71
-0.22,71
-0.22,71
-0.22,71
-0.23,71
-0.23,71
-0.23,71
-0.23,71
-0.23,71
-0.11,71
0.13,72
0.22,72
0.28,72
0.27,72
0.20,72
0.10,72
-0.01,72
-0.03,72
-0.04,72
-0.05,72
-0.06,72
-0.07,72
-0.07,72
-0.08,72
-0.08,72
-0.09,72
-0.09,72
-0.10,72
-0.10,72
-0.11,72
-0.11,72
-0.12,72
-0.12,72
-0.13,72
-0.13,72
-0.03,72
0.03,72
-0.02,72
-0.05,72
-0.08,72
-0.10,72
-0.12,72
-0.13,72
-0.14,72
-0.15,72
-0.16,72
-0.17,72
-0.18,72
-0.19,72
-0.19,72
-0.20,72
-0.20,72
-0.20,72
-0.20,72
-0.20,72
-0.21,72
-0.21,72
-0.20,72
0.09,73
0.22,73
0.35,73
0.42,73
0.37,73
0.26,73
0.15,73
0.01,73
-0.03,73
-0.04,73
-0.05,73
-0.05,73
-0.06,73
-0.06,73
-0.06,73
-0.06,73
-0.06,73
-0.07,73
-0.07,73
-0.07,73
-0.07,73
-0.08,73
-0.08,73
-0.09,73
-0.09,73
0.03,73
0.15,73
0.19,73
0.15,73
0.04,73
0.00,73
-0.01,73
-0.02,73
-0.03,73
-0.04,73
-0.05,73
-0.05,73
-0.06,73
-0.06,73
-0.07,73
-0.07,73
-0.08,73
-0.08,73
-0.08,73
-0.09,73
-0.09,73
-0.09,73
-0.10,73
-0.10,74
0.14,74
0.27,74
0.39,74
0.43,74
0.35,74
0.24,74
0.12,74
0.02,74
0.01,74
0.00,74
-0.01,74
-0.02,74
-0.02,74
-0.02,74
-0.03,74
-0.03,74
-0.03,74
-0.03,74
-0.04,74
-0.04,74
-0.05,74
-0.05,74
-0.06,74
-0.07,74
-0.02,74
0.15,74
0.25,74
0.29,74
0.24,74
0.12,74
0.02,74
0.01,74
-0.01,74
-0.02,74
-0.03,74
-0.03,74
-0.04,74
-0.05,74
-0.05,74
-0.06,74
-0.06,74
-0.06,74
-0.07,74
-0.08,74
-0.08,74
-0.08,74
-0.09,74
-0.09,75
-0.04,75
0.18,75
0.31,75
0.43,75
0.45,75
0.35,75
0.23,75
0.09,75
0.02,75
0.02,75
0.02,75
0.01,75
0.00,75
0.00,75
0.00,75
0.00,75
0.00,75
-0.01,75
-0.01,75
-0.02,75
-0.02,75
-0.03,75
-0.04,75
-0.06,75
-0.07,75
-0.01,75
0.21,75
0.32,75
0.37,75
0.33,75
0.22,75
0.07,75
0.02,75
0.00,75
-0.01,75
-0.02,75
-0.03,75
-0.03,75
-0.03,75
-0.04,75
-0.04,75
-0.04,75
-0.05,75
-0.05,75
-0.05,75
-0.06,75
-0.07,75
-0.08,76
-0.08,76
-0.03,76
0.18,76
0.30,76
0.39,76
0.39,76
0.28,76
0.15,76
0.01,76
-0.01,76
-0.02,76
-0.03,76
-0.04,76
-0.05,76
-0.05,76
-0.06,76
-0.06,76
-0.07,76
-0.08,76
-0.08,76
-0.09,76
-0.10,76
-0.11,76
-0.12,76
-0.13,76
-0.14,76
0.10,76
0.26,76
0.41,76
0.48,76
0.41,76
0.27,76
0.13,76
-0.02,76
-0.08,76
-0.10,76
-0.11,76
-0.12,76
-0.13,76
-0.13,76
-0.14,76
-0.14,76
-0.15,76
-0.15,76
-0.16,76
-0.16,76
-0.17,76
-0.18,77
-0.18,77
-0.18,77
0.04,77
0.20,77
0.34,77
0.43,77
0.39,77
0.26,77
0.12,77
-0.02,77
-0.10,77
-0.10,77
-0.11,77
-0.12,77
-0.12,77
-0.12,77
-0.12,77
-0.12,77
-0.12,77
-0.12,77
-0.13,77
-0.13,77
-0.13,77
-0.14,77
-0.15,77
-0.15,77
-0.11,77
0.10,77
0.26,77
0.41,77
0.48,77
0.43,77
0.31,77
0.18,77
0.04,77
-0.05,77
-0.06,77
-0.07,77
-0.07,77
-0.08,77
-0.08,77
-0.08,77
-0.08,77
-0.09,77
-0.09,77
-0.09,77
-0.10,77
-0.10,78
-0.10,78
-0.11,78
-0.11,78
0.00,78
0.17,78
0.28,78
0.35,78
0.30,78
0.19,78
0.05,78
-0.01,78
-0.02,78
-0.02,78
-0.03,78
-0.03,78
-0.04,78
-0.04,78
-0.04,78
-0.04,78
-0.04,78
-0.05,78
-0.06,78
-0.06,78
-0.07,78
-0.08,78
-0.09,78
-0.10,78
-0.10,78
0.04,78
0.23,78
0.36,78
0.45,78
0.43,78
0.32,78
0.20,78
0.05,78
0.00,78
-0.01,78
-0.02,78
-0.02,78
-0.02,78
-0.03,78
-0.03,78
-0.04,78
-0.04,78
-0.04,78
-0.05,78
-0.06,79
-0.07,79
-0.07,79
-0.07,79
-0.08,79
-0.04,79
0.13,79
0.21,79
0.23,79
0.16,79
0.03,79
0.00,79
-0.01,79
-0.02,79
-0.03,79
-0.03,79
-0.04,79
-0.04,79
-0.05,79
-0.05,79
-0.05,79
-0.06,79
-0.07,79
-0.08,79
-0.08,79
-0.09,79
-0.10,79
-0.11,79
-0.12,79
-0.13,79
-0.09,79
0.11,79
0.24,79
0.34,79
0.36,79
0.27,79
0.16,79
0.02,79
-0.04,79
-0.04,79
-0.05,79
-0.06,79
-0.07,79
-0.07,79
-0.07,79
-0.07,79
-0.08,79
-0.09,79
-0.09,80
-0.10,80
-0.11,80
-0.11,80
-0.12,80
-0.12,80
-0.13,80
-0.03,80
0.05,80
0.04,80
-0.03,80
-0.04,80
-0.06,80
-0.07,80
-0.08,80
-0.08,80
-0.09,80
-0.09,80
-0.10,80
-0.10,80
-0.11,80
-0.11,80
-0.12,80
-0.13,80
-0.13,80
-0.14,80
-0.15,80
-0.16,80
-0.16,80
-0.17,80
-0.18,80
-0.18,80
-0.12,80
0.07,80
0.16,80
0.20,80
0.16,80
0.06,80
-0.03,80
-0.04,80
-0.05,80
-0.05,80
-0.06,80
-0.06,80
-0.07,80
-0.07,80
-0.08,80
-0.08,80
-0.09,81
-0.10,81
-0.11,81
-0.12,81
-0.12,81
-0.13,81
-0.13,81
-0.14,81
-0.14,81
-0.13,81
-0.13,81
-0.13,81
-0.13,81
-0.13,81
-0.13,81
-0.13,81
-0.14,81
-0.14,81
-0.14,81
-0.15,81
-0.15,81
-0.16,81
-0.17,81
-0.17,81
-0.17,81
